
===== System started =====
[10:42:53] INFO  NORTH   Light process started (pid=351632)
[10:42:53] INFO  SOUTH   Light process started (pid=351633)
[10:42:53] INFO  EAST    Light process started (pid=351634)
[10:42:53] INFO  WEST    Light process started (pid=351635)
[10:42:53] INFO  CTRL    Controller process started (pid=351636)
[10:42:53] INFO  CTRL    Phase -> ALL-RED-1 (duration=2s)
[10:42:53] INFO  PEDEST  Pedestrian generator started (pid=351638)
[10:42:53] INFO  VEHICLE Vehicle detector started (pid=351637)
[10:42:53] INFO  EMERG   Emergency generator started (pid=351639)
[10:42:54] INFO  GUI     OpenGL GUI attached
[10:42:54] INFO  CTRL    +2 vehicle(s) WEST (queue=2)
[10:42:54] INFO  CTRL    Pedestrian request from EAST
[10:42:55] INFO  CTRL    Phase -> NS-GREEN (duration=8s)
[10:42:55] INFO  CTRL    Pedestrian WALK: EAST/WEST crosswalks (synchronized with perpendicular vehicle green)
[10:42:56] INFO  NORTH   Light RED -> GREEN
[10:42:56] INFO  SOUTH   Light RED -> GREEN
[10:42:56] INFO  CTRL    +2 vehicle(s) NORTH (queue=2)
[10:42:56] INFO  CTRL    +1 vehicle(s) EAST (queue=1)
[10:42:57] INFO  CTRL    +2 vehicle(s) SOUTH (queue=2)
[10:42:57] INFO  CTRL    Pedestrian request from NORTH
[10:42:58] INFO  CTRL    +2 vehicle(s) SOUTH (queue=3)
[10:42:59] INFO  CTRL    Pedestrian request from SOUTH
[10:42:59] INFO  CTRL    Pedestrian request from WEST
[10:43:00] INFO  CTRL    +1 vehicle(s) EAST (queue=2)
[10:43:00] INFO  CTRL    +1 vehicle(s) WEST (queue=3)
[10:43:00] INFO  CTRL    Pedestrian request from EAST
[10:43:02] INFO  CTRL    +2 vehicle(s) NORTH (queue=2)
[10:43:02] INFO  CTRL    +2 vehicle(s) SOUTH (queue=2)
[10:43:02] INFO  CTRL    +1 vehicle(s) EAST (queue=3)
[10:43:03] INFO  CTRL    Pedestrian WALK closed
[10:43:03] INFO  CTRL    Phase -> NS-YELLOW (duration=3s)
[10:43:03] INFO  CTRL    TIMING: yellow phase started — must last exactly 3s
[10:43:03] INFO  CTRL    +1 vehicle(s) SOUTH (queue=2)
[10:43:04] INFO  SOUTH   Light GREEN -> YELLOW
[10:43:04] INFO  NORTH   Light GREEN -> YELLOW
[10:43:05] INFO  CTRL    +1 vehicle(s) EAST (queue=4)
[10:43:06] INFO  CTRL    +2 vehicle(s) SOUTH (queue=4)
[10:43:06] INFO  CTRL    +1 vehicle(s) WEST (queue=4)
[10:43:07] INFO  CTRL    Phase -> ALL-RED-1 (duration=2s)
[10:43:07] INFO  CTRL    +2 vehicle(s) EAST (queue=6)
[10:43:07] INFO  NORTH   Light YELLOW -> RED
[10:43:07] INFO  SOUTH   Light YELLOW -> RED
[10:43:08] INFO  CTRL    +1 vehicle(s) EAST (queue=7)
[10:43:09] INFO  CTRL    Phase -> EW-GREEN (duration=10s)
[10:43:09] INFO  CTRL    Pedestrian WALK: NORTH/SOUTH crosswalks (synchronized with perpendicular vehicle green)
[10:43:09] INFO  WEST    Light RED -> GREEN
[10:43:09] INFO  EAST    Light RED -> GREEN
[10:43:10] INFO  CTRL    +1 vehicle(s) EAST (queue=7)
[10:43:10] INFO  CTRL    +2 vehicle(s) WEST (queue=5)
[10:43:11] INFO  CTRL    +1 vehicle(s) SOUTH (queue=5)
[10:43:11] INFO  GUI     Injected emergency event for NORTH
[10:43:11] INFO  CTRL    +2 vehicle(s) WEST (queue=5)
[10:43:11] WARN  CTRL    EMERGENCY vehicle from NORTH
[10:43:11] INFO  CTRL    Pedestrian WALK closed
[10:43:11] INFO  CTRL    Pedestrian WALK closed
[10:43:11] WARN  CTRL    EMERGENCY priority for NORTH — clearing intersection
[10:43:11] INFO  CTRL    Pedestrian WALK closed
[10:43:12] INFO  WEST    Light GREEN -> YELLOW
[10:43:12] INFO  EAST    Light GREEN -> YELLOW
[10:43:15] INFO  WEST    Light YELLOW -> RED
[10:43:15] INFO  EAST    Light YELLOW -> RED
[10:43:17] INFO  CTRL    Phase -> EMERGENCY (duration=8s)
[10:43:17] INFO  CTRL    +2 vehicle(s) EAST (queue=6)
[10:43:17] INFO  CTRL    +2 vehicle(s) EAST (queue=8)
[10:43:17] INFO  CTRL    +2 vehicle(s) EAST (queue=10)
[10:43:17] INFO  SOUTH   Light RED -> GREEN
[10:43:18] INFO  CTRL    +1 vehicle(s) NORTH (queue=1)
[10:43:18] INFO  CTRL    +1 vehicle(s) EAST (queue=11)
[10:43:18] INFO  CTRL    +2 vehicle(s) WEST (queue=6)
[10:43:20] INFO  CTRL    Pedestrian request from NORTH
[10:43:20] INFO  CTRL    Pedestrian request from SOUTH
[10:43:21] INFO  CTRL    +1 vehicle(s) NORTH (queue=2)
[10:43:21] INFO  CTRL    +2 vehicle(s) EAST (queue=13)
[10:43:24] INFO  CTRL    +1 vehicle(s) SOUTH (queue=6)
[10:43:24] INFO  CTRL    +1 vehicle(s) EAST (queue=14)
[10:43:25] INFO  CTRL    +1 vehicle(s) WEST (queue=7)
[10:43:27] INFO  CTRL    +1 vehicle(s) EAST (queue=15)
[10:43:27] INFO  CTRL    +2 vehicle(s) NORTH (queue=4)
[10:43:29] INFO  CTRL    +1 vehicle(s) EAST (queue=16)
[10:43:30] INFO  CTRL    +1 vehicle(s) EAST (queue=17)
[10:43:32] INFO  CTRL    +2 vehicle(s) NORTH (queue=6)
[10:43:32] INFO  CTRL    +2 vehicle(s) SOUTH (queue=8)
[10:43:32] INFO  CTRL    +2 vehicle(s) WEST (queue=9)
[10:43:33] INFO  CTRL    +2 vehicle(s) NORTH (queue=8)
[10:43:33] INFO  SOUTH   Light GREEN -> YELLOW
[10:43:36] INFO  SOUTH   Light YELLOW -> RED
[10:43:38] WARN  CTRL    EMERGENCY cleared
[10:43:38] INFO  CTRL    Phase -> NS-GREEN (duration=10s)
[10:43:38] INFO  CTRL    Pedestrian WALK: EAST/WEST crosswalks (synchronized with perpendicular vehicle green)
[10:43:38] INFO  CTRL    +1 vehicle(s) WEST (queue=10)
[10:43:38] INFO  NORTH   Light RED -> GREEN
[10:43:38] INFO  SOUTH   Light RED -> GREEN
[10:43:39] INFO  CTRL    +2 vehicle(s) EAST (queue=19)
[10:43:40] INFO  CTRL    +1 vehicle(s) NORTH (queue=7)
[10:43:40] INFO  CTRL    Pedestrian request from EAST
[10:43:41] INFO  CTRL    +2 vehicle(s) EAST (queue=21)
[10:43:41] INFO  CTRL    +2 vehicle(s) WEST (queue=12)
[10:43:41] INFO  CTRL    +1 vehicle(s) SOUTH (queue=6)
[10:43:41] INFO  CTRL    +1 vehicle(s) EAST (queue=22)
[10:43:44] INFO  CTRL    +1 vehicle(s) SOUTH (queue=4)
[10:43:47] INFO  CTRL    Pedestrian WALK closed
[10:43:49] INFO  CTRL    Pedestrian WALK closed
[10:43:49] INFO  CTRL    Phase -> NS-YELLOW (duration=3s)
[10:43:49] INFO  CTRL    TIMING: yellow phase started — must last exactly 3s
[10:43:49] INFO  CTRL    +2 vehicle(s) SOUTH (queue=2)
[10:43:49] INFO  CTRL    +2 vehicle(s) NORTH (queue=2)
[10:43:49] INFO  SOUTH   Light GREEN -> YELLOW
[10:43:49] INFO  NORTH   Light GREEN -> YELLOW
[10:43:51] INFO  CTRL    Pedestrian request from WEST
[10:43:51] INFO  CTRL    +2 vehicle(s) EAST (queue=24)
[10:43:52] INFO  CTRL    Phase -> ALL-RED-1 (duration=2s)
[10:43:52] INFO  SOUTH   Light YELLOW -> RED
[10:43:52] INFO  NORTH   Light YELLOW -> RED
[10:43:54] INFO  CTRL    Phase -> EW-GREEN (duration=10s)
[10:43:54] INFO  CTRL    Pedestrian WALK: NORTH/SOUTH crosswalks (synchronized with perpendicular vehicle green)
[10:43:54] INFO  CTRL    +1 vehicle(s) SOUTH (queue=3)
[10:43:54] INFO  CTRL    +1 vehicle(s) EAST (queue=25)
[10:43:54] INFO  EAST    Light RED -> GREEN
[10:43:54] ERROR NORTH   FAULT — forced RED instead of RED
[10:43:54] INFO  WEST    Light RED -> GREEN
[10:43:55] ERROR CTRL    FAULT reported by NORTH: lamp stuck — forced RED
[10:43:57] INFO  CTRL    +2 vehicle(s) NORTH (queue=4)
[10:43:57] INFO  CTRL    +1 vehicle(s) SOUTH (queue=4)
[10:43:58] INFO  CTRL    Pedestrian request from SOUTH
[10:43:58] INFO  CTRL    +2 vehicle(s) NORTH (queue=6)
[10:43:58] INFO  CTRL    +1 vehicle(s) EAST (queue=22)
[10:43:58] INFO  CTRL    +1 vehicle(s) WEST (queue=9)
[10:44:00] INFO  CTRL    +2 vehicle(s) WEST (queue=9)
[10:44:01] INFO  CTRL    +1 vehicle(s) EAST (queue=20)
[10:44:02] INFO  CTRL    +2 vehicle(s) NORTH (queue=8)
[10:44:02] INFO  CTRL    +1 vehicle(s) EAST (queue=20)
[10:44:03] INFO  CTRL    Pedestrian request from NORTH
[10:44:03] INFO  CTRL    +1 vehicle(s) WEST (queue=7)
[10:44:03] INFO  CTRL    Pedestrian WALK closed
[10:44:04] INFO  CTRL    Pedestrian WALK closed
[10:44:04] INFO  CTRL    Phase -> EW-YELLOW (duration=3s)
[10:44:04] INFO  CTRL    TIMING: yellow phase started — must last exactly 3s
[10:44:04] INFO  EAST    Light GREEN -> YELLOW
[10:44:04] INFO  WEST    Light GREEN -> YELLOW
[10:44:05] INFO  CTRL    +2 vehicle(s) SOUTH (queue=6)
[10:44:07] INFO  CTRL    Phase -> ALL-RED-2 (duration=2s)
[10:44:07] INFO  EAST    Light YELLOW -> RED
[10:44:07] INFO  WEST    Light YELLOW -> RED
[10:44:09] INFO  CTRL    Phase -> NS-GREEN (duration=10s)
[10:44:09] INFO  CTRL    Pedestrian WALK: EAST/WEST crosswalks (synchronized with perpendicular vehicle green)
[10:44:09] INFO  CTRL    +1 vehicle(s) NORTH (queue=9)
[10:44:09] INFO  CTRL    +2 vehicle(s) WEST (queue=8)
[10:44:09] INFO  SOUTH   Light RED -> GREEN
[10:44:09] INFO  NORTH   Light RED -> GREEN
[10:44:10] INFO  CTRL    +1 vehicle(s) EAST (queue=19)
[10:44:12] INFO  CTRL    +1 vehicle(s) NORTH (queue=7)
[10:44:12] INFO  CTRL    +1 vehicle(s) WEST (queue=9)
[10:44:12] INFO  CTRL    Pedestrian request from EAST
[10:44:13] INFO  CTRL    +1 vehicle(s) SOUTH (queue=3)
[10:44:16] INFO  CTRL    +2 vehicle(s) NORTH (queue=5)
[10:44:17] INFO  CTRL    +1 vehicle(s) WEST (queue=10)
[10:44:18] INFO  CTRL    Pedestrian WALK closed
[10:44:19] INFO  CTRL    Pedestrian WALK closed
[10:44:19] INFO  CTRL    Phase -> NS-YELLOW (duration=3s)
[10:44:19] INFO  CTRL    TIMING: yellow phase started — must last exactly 3s
[10:44:19] INFO  CTRL    +1 vehicle(s) NORTH (queue=3)
[10:44:19] INFO  SOUTH   Light GREEN -> YELLOW
[10:44:19] INFO  NORTH   Light GREEN -> YELLOW
[10:44:22] INFO  CTRL    Pedestrian request from WEST
[10:44:23] INFO  CTRL    Phase -> ALL-RED-1 (duration=2s)
[10:44:23] INFO  CTRL    +2 vehicle(s) NORTH (queue=5)
[10:44:23] INFO  CTRL    +1 vehicle(s) SOUTH (queue=1)
[10:44:23] INFO  CTRL    +1 vehicle(s) WEST (queue=11)
[10:44:23] INFO  SOUTH   Light YELLOW -> RED
[10:44:23] INFO  NORTH   Light YELLOW -> RED
[10:44:24] INFO  CTRL    +1 vehicle(s) EAST (queue=20)
[10:44:25] INFO  CTRL    Phase -> EW-GREEN (duration=10s)
[10:44:25] INFO  CTRL    Pedestrian WALK: NORTH/SOUTH crosswalks (synchronized with perpendicular vehicle green)
[10:44:25] INFO  CTRL    +1 vehicle(s) NORTH (queue=6)
[10:44:25] INFO  CTRL    +1 vehicle(s) EAST (queue=21)
[10:44:25] INFO  EAST    Light RED -> GREEN
[10:44:25] INFO  WEST    Light RED -> GREEN
[10:44:27] INFO  CTRL    +1 vehicle(s) NORTH (queue=7)
[10:44:27] INFO  CTRL    +2 vehicle(s) WEST (queue=11)
[10:44:28] INFO  CTRL    +1 vehicle(s) NORTH (queue=8)
[10:44:29] INFO  CTRL    +1 vehicle(s) NORTH (queue=9)
[10:44:29] INFO  CTRL    +2 vehicle(s) EAST (queue=19)
[10:44:30] INFO  CTRL    +2 vehicle(s) NORTH (queue=11)
[10:44:30] INFO  CTRL    +1 vehicle(s) EAST (queue=19)
[10:44:30] INFO  CTRL    +1 vehicle(s) WEST (queue=9)
[10:44:33] INFO  CTRL    +2 vehicle(s) NORTH (queue=13)
[10:44:34] INFO  CTRL    +1 vehicle(s) NORTH (queue=14)
[10:44:34] INFO  CTRL    +2 vehicle(s) SOUTH (queue=3)
[10:44:34] INFO  CTRL    +2 vehicle(s) WEST (queue=7)
[10:44:34] INFO  CTRL    Pedestrian WALK closed
[10:44:35] INFO  CTRL    Pedestrian WALK closed
[10:44:35] INFO  CTRL    Phase -> EW-YELLOW (duration=3s)
[10:44:35] INFO  CTRL    TIMING: yellow phase started — must last exactly 3s
[10:44:35] INFO  CTRL    +1 vehicle(s) NORTH (queue=15)
[10:44:35] INFO  WEST    Light GREEN -> YELLOW
[10:44:35] INFO  EAST    Light GREEN -> YELLOW
[10:44:38] INFO  CTRL    Phase -> ALL-RED-2 (duration=2s)
[10:44:38] INFO  CTRL    Pedestrian request from SOUTH
[10:44:38] INFO  EAST    Light YELLOW -> RED
[10:44:38] INFO  WEST    Light YELLOW -> RED
[10:44:39] INFO  CTRL    +1 vehicle(s) SOUTH (queue=4)
[10:44:40] INFO  CTRL    Phase -> NS-GREEN (duration=10s)
[10:44:40] INFO  CTRL    Pedestrian WALK: EAST/WEST crosswalks (synchronized with perpendicular vehicle green)
[10:44:40] INFO  CTRL    +1 vehicle(s) SOUTH (queue=5)
[10:44:40] INFO  CTRL    +2 vehicle(s) WEST (queue=8)
[10:44:40] INFO  NORTH   Light RED -> GREEN
[10:44:40] INFO  SOUTH   Light RED -> GREEN
[10:44:41] INFO  CTRL    Pedestrian request from EAST
[10:44:42] INFO  CTRL    +2 vehicle(s) WEST (queue=10)
[10:44:44] INFO  CTRL    Pedestrian request from WEST
[10:44:46] INFO  CTRL    +2 vehicle(s) NORTH (queue=11)
[10:44:46] INFO  CTRL    +1 vehicle(s) EAST (queue=15)
[10:44:46] INFO  CTRL    Pedestrian request from NORTH
[10:44:49] INFO  CTRL    +1 vehicle(s) WEST (queue=11)
[10:44:49] INFO  CTRL    Pedestrian WALK closed
[10:44:50] INFO  CTRL    Pedestrian WALK closed
[10:44:50] INFO  CTRL    Phase -> NS-YELLOW (duration=3s)
[10:44:50] INFO  CTRL    TIMING: yellow phase started — must last exactly 3s
[10:44:50] INFO  CTRL    +2 vehicle(s) EAST (queue=17)
[10:44:50] INFO  NORTH   Light GREEN -> YELLOW
[10:44:50] INFO  SOUTH   Light GREEN -> YELLOW
[10:44:52] INFO  CTRL    +1 vehicle(s) EAST (queue=18)
[10:44:53] INFO  CTRL    Phase -> ALL-RED-1 (duration=2s)
[10:44:53] INFO  NORTH   Light YELLOW -> RED
[10:44:53] INFO  SOUTH   Light YELLOW -> RED
[10:44:55] INFO  CTRL    Phase -> EW-GREEN (duration=10s)
[10:44:55] INFO  CTRL    Pedestrian WALK: NORTH/SOUTH crosswalks (synchronized with perpendicular vehicle green)
[10:44:55] INFO  CTRL    +2 vehicle(s) SOUTH (queue=2)
[10:44:55] INFO  EAST    Light RED -> GREEN
[10:44:55] INFO  WEST    Light RED -> GREEN
[10:44:56] INFO  CTRL    +1 vehicle(s) WEST (queue=11)
[10:44:57] INFO  CTRL    +1 vehicle(s) NORTH (queue=8)
[10:44:57] INFO  CTRL    +1 vehicle(s) WEST (queue=11)
[10:44:58] INFO  CTRL    +1 vehicle(s) SOUTH (queue=3)
[10:44:59] INFO  CTRL    +2 vehicle(s) EAST (queue=16)
[10:45:00] INFO  CTRL    Pedestrian request from SOUTH
[10:45:00] INFO  CTRL    +1 vehicle(s) NORTH (queue=9)
[10:45:01] INFO  CTRL    +1 vehicle(s) SOUTH (queue=4)
[10:45:01] INFO  CTRL    +1 vehicle(s) EAST (queue=15)
[10:45:04] INFO  CTRL    Pedestrian WALK closed
[10:45:05] INFO  CTRL    Pedestrian WALK closed
[10:45:05] INFO  CTRL    Phase -> EW-YELLOW (duration=3s)
[10:45:05] INFO  CTRL    TIMING: yellow phase started — must last exactly 3s
[10:45:05] INFO  CTRL    +1 vehicle(s) WEST (queue=4)
[10:45:05] INFO  EAST    Light GREEN -> YELLOW
[10:45:05] INFO  WEST    Light GREEN -> YELLOW
[10:45:07] INFO  CTRL    +1 vehicle(s) SOUTH (queue=5)
[10:45:08] INFO  CTRL    Phase -> ALL-RED-2 (duration=2s)
[10:45:08] INFO  CTRL    +1 vehicle(s) WEST (queue=5)
[10:45:08] INFO  EAST    Light YELLOW -> RED
[10:45:08] INFO  WEST    Light YELLOW -> RED
[10:45:09] INFO  CTRL    +1 vehicle(s) SOUTH (queue=6)
[10:45:09] INFO  CTRL    +2 vehicle(s) EAST (queue=13)
[10:45:09] INFO  CTRL    +1 vehicle(s) EAST (queue=14)
[10:45:09] INFO  CTRL    +1 vehicle(s) WEST (queue=6)
[10:45:10] INFO  CTRL    Phase -> NS-GREEN (duration=10s)
[10:45:10] INFO  CTRL    Pedestrian WALK: EAST/WEST crosswalks (synchronized with perpendicular vehicle green)
[10:45:10] INFO  NORTH   Light RED -> GREEN
[10:45:10] INFO  SOUTH   Light RED -> GREEN
[10:45:11] INFO  CTRL    Pedestrian request from EAST
[10:45:11] INFO  CTRL    +1 vehicle(s) EAST (queue=15)
[10:45:11] INFO  CTRL    +2 vehicle(s) WEST (queue=8)
[10:45:12] INFO  CTRL    +1 vehicle(s) WEST (queue=9)
[10:45:14] INFO  CTRL    +2 vehicle(s) EAST (queue=17)
[10:45:15] INFO  CTRL    +1 vehicle(s) WEST (queue=10)
[10:45:16] INFO  CTRL    +1 vehicle(s) NORTH (queue=4)
[10:45:16] INFO  CTRL    +2 vehicle(s) WEST (queue=12)
[10:45:19] INFO  CTRL    +2 vehicle(s) SOUTH (queue=2)
[10:45:19] INFO  CTRL    +1 vehicle(s) SOUTH (queue=3)
[10:45:19] INFO  CTRL    +2 vehicle(s) EAST (queue=19)
[10:45:19] INFO  CTRL    +1 vehicle(s) WEST (queue=13)
[10:45:19] INFO  CTRL    Pedestrian WALK closed
[10:45:20] INFO  CTRL    Pedestrian WALK closed
[10:45:20] INFO  CTRL    Phase -> NS-YELLOW (duration=3s)
[10:45:20] INFO  CTRL    TIMING: yellow phase started — must last exactly 3s
[10:45:20] INFO  CTRL    Pedestrian request from WEST
[10:45:20] INFO  SOUTH   Light GREEN -> YELLOW
[10:45:20] INFO  NORTH   Light GREEN -> YELLOW
[10:45:22] INFO  CTRL    +1 vehicle(s) NORTH (queue=1)
[10:45:22] INFO  CTRL    +1 vehicle(s) WEST (queue=14)
[10:45:23] INFO  CTRL    Phase -> ALL-RED-1 (duration=2s)
[10:45:23] INFO  NORTH   Light YELLOW -> RED
[10:45:23] INFO  SOUTH   Light YELLOW -> RED
[10:45:25] INFO  CTRL    Phase -> EW-GREEN (duration=10s)
[10:45:25] INFO  CTRL    Pedestrian WALK: NORTH/SOUTH crosswalks (synchronized with perpendicular vehicle green)
[10:45:25] INFO  CTRL    +1 vehicle(s) NORTH (queue=2)
[10:45:25] INFO  CTRL    Pedestrian request from NORTH
[10:45:25] INFO  WEST    Light RED -> GREEN
[10:45:25] INFO  EAST    Light RED -> GREEN
[10:45:27] INFO  CTRL    +2 vehicle(s) EAST (queue=20)
[10:45:28] INFO  CTRL    +1 vehicle(s) SOUTH (queue=3)
[10:45:29] INFO  CTRL    +1 vehicle(s) NORTH (queue=3)
[10:45:29] INFO  CTRL    +1 vehicle(s) WEST (queue=12)
[10:45:30] INFO  GUI     Injected emergency event for SOUTH
[10:45:30] WARN  CTRL    EMERGENCY vehicle from SOUTH
[10:45:30] INFO  CTRL    +2 vehicle(s) SOUTH (queue=5)
[10:45:30] INFO  CTRL    +1 vehicle(s) EAST (queue=18)
[10:45:30] INFO  CTRL    Pedestrian WALK closed
[10:45:30] INFO  CTRL    Pedestrian WALK closed
[10:45:30] WARN  CTRL    EMERGENCY priority for SOUTH — clearing intersection
[10:45:30] INFO  CTRL    Pedestrian WALK closed
[10:45:30] INFO  WEST    Light GREEN -> YELLOW
[10:45:30] INFO  EAST    Light GREEN -> YELLOW
[10:45:33] INFO  WEST    Light YELLOW -> RED
[10:45:33] INFO  EAST    Light YELLOW -> RED
[10:45:35] INFO  CTRL    Phase -> EMERGENCY (duration=8s)
[10:45:35] INFO  CTRL    Pedestrian request from SOUTH
[10:45:35] INFO  CTRL    +1 vehicle(s) NORTH (queue=4)
[10:45:35] INFO  NORTH   Light RED -> GREEN
[10:45:37] INFO  CTRL    +1 vehicle(s) EAST (queue=18)
[10:45:38] INFO  CTRL    +2 vehicle(s) EAST (queue=20)
[10:45:39] INFO  CTRL    +2 vehicle(s) EAST (queue=22)
[10:45:40] INFO  CTRL    +1 vehicle(s) NORTH (queue=5)
[10:45:44] INFO  CTRL    +2 vehicle(s) NORTH (queue=7)
[10:45:46] INFO  CTRL    +1 vehicle(s) NORTH (queue=8)
[10:45:47] INFO  CTRL    +2 vehicle(s) SOUTH (queue=7)
[10:45:50] INFO  CTRL    +2 vehicle(s) NORTH (queue=10)
[10:45:50] INFO  CTRL    +2 vehicle(s) EAST (queue=24)
[10:45:51] INFO  CTRL    +1 vehicle(s) NORTH (queue=11)
[10:45:51] INFO  NORTH   Light GREEN -> YELLOW
[10:45:54] INFO  NORTH   Light YELLOW -> RED
[10:45:56] WARN  CTRL    EMERGENCY cleared
[10:45:56] INFO  CTRL    Phase -> NS-GREEN (duration=9s)
[10:45:56] INFO  CTRL    Pedestrian WALK: EAST/WEST crosswalks (synchronized with perpendicular vehicle green)
[10:45:56] INFO  CTRL    +1 vehicle(s) WEST (queue=11)
[10:45:56] INFO  CTRL    Pedestrian request from EAST
[10:45:56] INFO  CTRL    +2 vehicle(s) WEST (queue=13)
[10:45:56] INFO  CTRL    +2 vehicle(s) EAST (queue=26)
[10:45:56] INFO  NORTH   Light RED -> GREEN
[10:45:56] INFO  SOUTH   Light RED -> GREEN
[10:45:57] INFO  CTRL    Pedestrian request from WEST
[10:45:57] WARN  EMERG   Generated EMERGENCY from SOUTH
[10:45:58] INFO  CTRL    +2 vehicle(s) NORTH (queue=11)
[10:45:58] INFO  CTRL    +1 vehicle(s) SOUTH (queue=6)
[10:45:58] INFO  CTRL    +2 vehicle(s) EAST (queue=28)
[10:45:58] WARN  CTRL    EMERGENCY vehicle from SOUTH
[10:45:58] INFO  CTRL    Pedestrian WALK closed
[10:45:58] INFO  CTRL    Pedestrian WALK closed
[10:45:58] WARN  CTRL    EMERGENCY priority for SOUTH — clearing intersection
[10:45:58] INFO  CTRL    Pedestrian WALK closed
[10:45:58] INFO  NORTH   Light GREEN -> YELLOW
[10:45:58] INFO  SOUTH   Light GREEN -> YELLOW
[10:46:02] INFO  NORTH   Light YELLOW -> RED
[10:46:02] INFO  SOUTH   Light YELLOW -> RED
[10:46:04] INFO  CTRL    Phase -> EMERGENCY (duration=8s)
[10:46:04] INFO  CTRL    +1 vehicle(s) WEST (queue=14)
[10:46:04] INFO  CTRL    +2 vehicle(s) NORTH (queue=12)
[10:46:04] INFO  CTRL    +2 vehicle(s) EAST (queue=30)
[10:46:04] INFO  CTRL    +1 vehicle(s) WEST (queue=15)
[10:46:04] INFO  CTRL    +1 vehicle(s) NORTH (queue=13)
[10:46:04] INFO  NORTH   Light RED -> GREEN
[10:46:05] INFO  CTRL    +2 vehicle(s) NORTH (queue=15)
[10:46:05] INFO  CTRL    +2 vehicle(s) WEST (queue=17)
[10:46:07] INFO  CTRL    +1 vehicle(s) WEST (queue=18)
[10:46:08] INFO  CTRL    +1 vehicle(s) NORTH (queue=16)
[10:46:08] INFO  CTRL    +1 vehicle(s) SOUTH (queue=6)
[10:46:08] INFO  SOUTH   Light process exiting
[10:46:08] INFO  PEDEST  Pedestrian generator exiting
[10:46:08] INFO  EMERG   Emergency generator exiting
[10:46:08] INFO  VEHICLE Vehicle detector exiting
[10:46:08] INFO  WEST    Light process exiting
===== System stopped =====


===== System started =====
[10:50:02] INFO  NORTH   Light process started (pid=353359)
[10:50:02] INFO  SOUTH   Light process started (pid=353360)
[10:50:02] INFO  EAST    Light process started (pid=353361)
[10:50:02] INFO  CTRL    Controller process started (pid=353363)
[10:50:02] INFO  WEST    Light process started (pid=353362)
[10:50:02] INFO  CTRL    Phase -> ALL-RED-1 (duration=2s)
[10:50:02] INFO  PEDEST  Pedestrian generator started (pid=353365)
[10:50:02] INFO  VEHICLE Vehicle detector started (pid=353364)
[10:50:02] INFO  EMERG   Emergency generator started (pid=353366)
[10:50:03] INFO  GUI     OpenGL GUI attached
[10:50:04] INFO  CTRL    Phase -> NS-GREEN (duration=8s)
[10:50:04] INFO  CTRL    Pedestrian request from EAST
[10:50:04] INFO  CTRL    Pedestrian request from WEST
[10:50:04] INFO  SOUTH   Light RED -> GREEN
[10:50:05] INFO  NORTH   Light RED -> GREEN
[10:50:06] INFO  CTRL    +2 vehicle(s) SOUTH (queue=2)
[10:50:07] INFO  CTRL    Pedestrian request from NORTH
[10:50:07] INFO  CTRL    +2 vehicle(s) WEST (queue=2)
[10:50:08] INFO  CTRL    +2 vehicle(s) EAST (queue=2)
[10:50:10] INFO  CTRL    +2 vehicle(s) NORTH (queue=2)
[10:50:10] INFO  CTRL    +1 vehicle(s) WEST (queue=3)
[10:50:11] INFO  CTRL    +1 vehicle(s) NORTH (queue=2)
[10:50:12] INFO  CTRL    Pedestrian WALK closed
[10:50:12] INFO  CTRL    Phase -> NS-YELLOW (duration=3s)
[10:50:12] INFO  CTRL    TIMING: yellow phase started — must last exactly 3s
[10:50:13] INFO  SOUTH   Light GREEN -> YELLOW
[10:50:13] INFO  NORTH   Light GREEN -> YELLOW
[10:50:13] INFO  CTRL    +1 vehicle(s) NORTH (queue=2)
[10:50:13] INFO  CTRL    +2 vehicle(s) SOUTH (queue=2)
[10:50:13] INFO  CTRL    Pedestrian request from SOUTH
[10:50:14] INFO  CTRL    +1 vehicle(s) SOUTH (queue=3)
[10:50:15] INFO  CTRL    Phase -> ALL-RED-1 (duration=2s)
[10:50:15] INFO  CTRL    +2 vehicle(s) SOUTH (queue=5)
[10:50:16] INFO  NORTH   Light YELLOW -> RED
[10:50:16] INFO  SOUTH   Light YELLOW -> RED
[10:50:16] INFO  CTRL    +1 vehicle(s) WEST (queue=4)
[10:50:17] INFO  CTRL    Phase -> EW-GREEN (duration=10s)
[10:50:17] INFO  CTRL    Pedestrian WALK: NORTH/SOUTH crosswalks (synchronized with perpendicular vehicle green)
[10:50:17] INFO  CTRL    +1 vehicle(s) NORTH (queue=3)
[10:50:18] INFO  EAST    Light RED -> GREEN
[10:50:18] INFO  WEST    Light RED -> GREEN
[10:50:18] INFO  CTRL    +2 vehicle(s) NORTH (queue=5)
[10:50:20] INFO  CTRL    +1 vehicle(s) SOUTH (queue=6)
[10:50:20] INFO  CTRL    Pedestrian request from NORTH
[10:50:22] INFO  CTRL    +1 vehicle(s) NORTH (queue=6)
[10:50:22] INFO  CTRL    +1 vehicle(s) NORTH (queue=7)
[10:50:24] INFO  CTRL    +2 vehicle(s) NORTH (queue=9)
[10:50:26] INFO  CTRL    Pedestrian request from SOUTH
[10:50:27] INFO  CTRL    Pedestrian WALK closed
[10:50:27] INFO  CTRL    Phase -> EW-YELLOW (duration=3s)
[10:50:27] INFO  CTRL    TIMING: yellow phase started — must last exactly 3s
[10:50:27] INFO  CTRL    +2 vehicle(s) SOUTH (queue=8)
[10:50:27] INFO  EAST    Light GREEN -> YELLOW
[10:50:27] INFO  WEST    Light GREEN -> YELLOW
[10:50:28] INFO  CTRL    +2 vehicle(s) NORTH (queue=11)
[10:50:29] INFO  CTRL    +1 vehicle(s) NORTH (queue=12)
[10:50:29] INFO  CTRL    +2 vehicle(s) WEST (queue=2)
[10:50:30] INFO  CTRL    Phase -> ALL-RED-2 (duration=2s)
[10:50:30] INFO  CTRL    +1 vehicle(s) NORTH (queue=13)
[10:50:30] INFO  EAST    Light YELLOW -> RED
[10:50:30] INFO  WEST    Light YELLOW -> RED
[10:50:32] INFO  CTRL    Phase -> NS-GREEN (duration=10s)
[10:50:32] INFO  CTRL    Pedestrian WALK: EAST/WEST crosswalks (synchronized with perpendicular vehicle green)
[10:50:32] INFO  CTRL    Pedestrian request from EAST
[10:50:32] INFO  CTRL    +2 vehicle(s) NORTH (queue=15)
[10:50:32] INFO  NORTH   Light RED -> GREEN
[10:50:32] INFO  SOUTH   Light RED -> GREEN
[10:50:33] INFO  CTRL    +1 vehicle(s) NORTH (queue=15)
[10:50:33] INFO  CTRL    +1 vehicle(s) SOUTH (queue=8)
[10:50:34] INFO  CTRL    +2 vehicle(s) EAST (queue=2)
[10:50:34] INFO  CTRL    +2 vehicle(s) WEST (queue=4)
[10:50:36] INFO  CTRL    Pedestrian request from WEST
[10:50:36] INFO  CTRL    +2 vehicle(s) NORTH (queue=14)
[10:50:36] INFO  CTRL    +1 vehicle(s) WEST (queue=5)
[10:50:37] INFO  CTRL    +1 vehicle(s) EAST (queue=3)
[10:50:37] INFO  CTRL    +1 vehicle(s) WEST (queue=6)
[10:50:39] INFO  CTRL    +2 vehicle(s) EAST (queue=5)
[10:50:40] INFO  CTRL    +2 vehicle(s) SOUTH (queue=3)
[10:50:41] INFO  CTRL    +1 vehicle(s) NORTH (queue=10)
[10:50:41] INFO  CTRL    +2 vehicle(s) SOUTH (queue=4)
[10:50:41] INFO  CTRL    +1 vehicle(s) WEST (queue=7)
[10:50:41] INFO  CTRL    Pedestrian WALK closed
[10:50:42] INFO  CTRL    Pedestrian WALK closed
[10:50:42] INFO  CTRL    Phase -> NS-YELLOW (duration=3s)
[10:50:42] INFO  CTRL    TIMING: yellow phase started — must last exactly 3s
[10:50:42] INFO  CTRL    +1 vehicle(s) SOUTH (queue=4)
[10:50:43] INFO  SOUTH   Light GREEN -> YELLOW
[10:50:43] INFO  NORTH   Light GREEN -> YELLOW
[10:50:43] INFO  GUI     Injected emergency event for NORTH
[10:50:43] WARN  CTRL    EMERGENCY vehicle from NORTH
[10:50:43] INFO  CTRL    +2 vehicle(s) SOUTH (queue=6)
[10:50:43] INFO  CTRL    +1 vehicle(s) WEST (queue=8)
[10:50:43] WARN  CTRL    EMERGENCY priority for NORTH — clearing intersection
[10:50:43] INFO  CTRL    Pedestrian WALK closed
[10:50:47] INFO  NORTH   Light YELLOW -> RED
[10:50:47] INFO  SOUTH   Light YELLOW -> RED
[10:50:48] INFO  CTRL    Phase -> EMERGENCY (duration=8s)
[10:50:48] INFO  CTRL    +1 vehicle(s) NORTH (queue=10)
[10:50:48] INFO  CTRL    +1 vehicle(s) WEST (queue=9)
[10:50:48] INFO  CTRL    +2 vehicle(s) EAST (queue=7)
[10:50:49] INFO  SOUTH   Light RED -> GREEN
[10:50:49] INFO  CTRL    +2 vehicle(s) NORTH (queue=12)
[10:50:50] INFO  CTRL    +1 vehicle(s) EAST (queue=8)
[10:50:51] INFO  CTRL    +1 vehicle(s) NORTH (queue=13)
[10:50:51] INFO  CTRL    +2 vehicle(s) SOUTH (queue=8)
[10:50:51] INFO  CTRL    +2 vehicle(s) EAST (queue=10)
[10:50:51] INFO  CTRL    +1 vehicle(s) WEST (queue=10)
[10:50:52] INFO  CTRL    +2 vehicle(s) EAST (queue=12)
[10:50:52] INFO  CTRL    +1 vehicle(s) WEST (queue=11)
[10:50:56] INFO  CTRL    +2 vehicle(s) NORTH (queue=15)
[10:50:56] INFO  CTRL    +1 vehicle(s) EAST (queue=13)
[10:50:58] INFO  CTRL    +2 vehicle(s) EAST (queue=15)
[10:50:59] INFO  CTRL    +1 vehicle(s) NORTH (queue=16)
[10:50:59] INFO  CTRL    +2 vehicle(s) EAST (queue=17)
[10:51:02] INFO  CTRL    +2 vehicle(s) NORTH (queue=18)
[10:51:02] INFO  CTRL    +1 vehicle(s) SOUTH (queue=9)
[10:51:02] INFO  CTRL    +2 vehicle(s) WEST (queue=13)
[10:51:04] INFO  CTRL    +1 vehicle(s) SOUTH (queue=10)
[10:51:04] INFO  CTRL    +1 vehicle(s) WEST (queue=14)
[10:51:04] INFO  SOUTH   Light GREEN -> YELLOW
[10:51:07] INFO  SOUTH   Light YELLOW -> RED
[10:51:09] WARN  CTRL    EMERGENCY cleared
[10:51:09] INFO  CTRL    Phase -> ALL-RED-1 (duration=2s)
[10:51:09] INFO  CTRL    +2 vehicle(s) WEST (queue=16)
[10:51:09] INFO  CTRL    +2 vehicle(s) NORTH (queue=20)
[10:51:10] INFO  CTRL    +1 vehicle(s) WEST (queue=17)
[10:51:11] INFO  CTRL    Phase -> NS-GREEN (duration=10s)
[10:51:11] INFO  CTRL    Pedestrian WALK: EAST/WEST crosswalks (synchronized with perpendicular vehicle green)
[10:51:11] INFO  CTRL    +1 vehicle(s) EAST (queue=18)
[10:51:11] INFO  SOUTH   Light RED -> GREEN
[10:51:11] INFO  NORTH   Light RED -> GREEN
[10:51:12] INFO  CTRL    +2 vehicle(s) EAST (queue=20)
[10:51:13] INFO  CTRL    Pedestrian request from EAST
[10:51:14] INFO  CTRL    +2 vehicle(s) WEST (queue=19)
[10:51:15] INFO  CTRL    +2 vehicle(s) NORTH (queue=18)
[10:51:15] INFO  CTRL    +1 vehicle(s) SOUTH (queue=7)
[10:51:15] INFO  CTRL    +2 vehicle(s) WEST (queue=21)
[10:51:15] INFO  CTRL    Pedestrian request from WEST
[10:51:16] INFO  CTRL    +1 vehicle(s) NORTH (queue=18)
[10:51:16] WARN  EMERG   Generated EMERGENCY from NORTH
[10:51:17] WARN  CTRL    EMERGENCY vehicle from NORTH
[10:51:17] INFO  CTRL    Pedestrian WALK closed
[10:51:17] INFO  CTRL    Pedestrian WALK closed
[10:51:17] WARN  CTRL    EMERGENCY priority for NORTH — clearing intersection
[10:51:17] INFO  CTRL    Pedestrian WALK closed
[10:51:17] INFO  SOUTH   Light GREEN -> YELLOW
[10:51:17] INFO  NORTH   Light GREEN -> YELLOW
[10:51:20] INFO  NORTH   Light YELLOW -> RED
[10:51:20] INFO  SOUTH   Light YELLOW -> RED
[10:51:22] INFO  CTRL    Phase -> EMERGENCY (duration=8s)
[10:51:22] INFO  CTRL    +2 vehicle(s) WEST (queue=23)
[10:51:22] INFO  CTRL    +1 vehicle(s) EAST (queue=21)
[10:51:22] INFO  CTRL    +2 vehicle(s) NORTH (queue=18)
[10:51:22] INFO  CTRL    +1 vehicle(s) SOUTH (queue=5)
[10:51:22] INFO  CTRL    +1 vehicle(s) EAST (queue=22)
[10:51:22] INFO  CTRL    +2 vehicle(s) WEST (queue=25)
[10:51:22] INFO  SOUTH   Light RED -> GREEN
===== System stopped =====


===== System started =====
[10:57:00] INFO  NORTH   Light process started (pid=354999)
[10:57:00] INFO  SOUTH   Light process started (pid=355000)
[10:57:00] INFO  EAST    Light process started (pid=355001)
[10:57:00] INFO  WEST    Light process started (pid=355002)
[10:57:00] INFO  CTRL    Controller process started (pid=355003)
[10:57:00] INFO  CTRL    Phase -> ALL-RED-1 (duration=2s)
[10:57:00] INFO  VEHICLE Vehicle detector started (pid=355004)
[10:57:00] INFO  PEDEST  Pedestrian generator started (pid=355005)
[10:57:00] INFO  EMERG   Emergency generator started (pid=355006)
[10:57:00] INFO  GUI     OpenGL GUI attached
[10:57:02] INFO  CTRL    +2 vehicle(s) SOUTH (queue=2)
[10:57:03] INFO  NORTH   Light RED -> YELLOW
[10:57:03] INFO  SOUTH   Light RED -> YELLOW
[10:57:06] INFO  CTRL    Phase -> NS-GREEN (duration=10s)
[10:57:06] INFO  CTRL    +2 vehicle(s) SOUTH (queue=4)
[10:57:06] INFO  CTRL    Pedestrian request from EAST
[10:57:06] INFO  CTRL    +2 vehicle(s) SOUTH (queue=6)
[10:57:06] INFO  CTRL    +2 vehicle(s) SOUTH (queue=8)
[10:57:06] INFO  CTRL    Pedestrian request from NORTH
[10:57:06] INFO  NORTH   Light YELLOW -> GREEN
[10:57:06] INFO  SOUTH   Light YELLOW -> GREEN
[10:57:07] INFO  CTRL    +1 vehicle(s) SOUTH (queue=8)
[10:57:08] INFO  CTRL    +2 vehicle(s) WEST (queue=2)
[10:57:09] INFO  CTRL    +2 vehicle(s) EAST (queue=2)
[10:57:10] INFO  CTRL    +1 vehicle(s) EAST (queue=3)
[10:57:11] INFO  CTRL    Pedestrian request from WEST
[10:57:11] INFO  CTRL    +1 vehicle(s) SOUTH (queue=5)
[10:57:12] INFO  CTRL    Pedestrian request from SOUTH
[10:57:13] INFO  CTRL    +1 vehicle(s) NORTH (queue=1)
[10:57:14] INFO  CTRL    +1 vehicle(s) NORTH (queue=1)
[10:57:14] INFO  CTRL    +2 vehicle(s) SOUTH (queue=4)
[10:57:14] INFO  CTRL    +1 vehicle(s) WEST (queue=3)
[10:57:15] INFO  CTRL    +1 vehicle(s) SOUTH (queue=4)
[10:57:16] INFO  CTRL    Pedestrian WALK closed
[10:57:16] INFO  CTRL    Phase -> NS-YELLOW (duration=3s)
[10:57:16] INFO  CTRL    TIMING: yellow phase started — must last exactly 3s
[10:57:16] INFO  SOUTH   Light GREEN -> YELLOW
[10:57:16] INFO  NORTH   Light GREEN -> YELLOW
[10:57:17] INFO  CTRL    +2 vehicle(s) NORTH (queue=2)
[10:57:18] WARN  EMERG   Generated EMERGENCY from SOUTH
[10:57:19] INFO  CTRL    Phase -> ALL-RED-1 (duration=2s)
[10:57:19] WARN  CTRL    EMERGENCY vehicle from SOUTH
[10:57:19] WARN  CTRL    EMERGENCY priority for SOUTH — clearing intersection
[10:57:19] INFO  CTRL    Pedestrian WALK closed
[10:57:19] INFO  NORTH   Light YELLOW -> RED
[10:57:19] INFO  SOUTH   Light YELLOW -> RED
[10:57:24] INFO  NORTH   Light RED -> YELLOW
[10:57:27] INFO  CTRL    Phase -> EMERGENCY (duration=8s)
[10:57:27] INFO  CTRL    +1 vehicle(s) WEST (queue=4)
[10:57:27] INFO  CTRL    +2 vehicle(s) EAST (queue=5)
[10:57:27] INFO  CTRL    +2 vehicle(s) NORTH (queue=4)
[10:57:27] INFO  CTRL    +2 vehicle(s) EAST (queue=7)
[10:57:27] INFO  CTRL    +1 vehicle(s) EAST (queue=8)
[10:57:27] INFO  NORTH   Light YELLOW -> GREEN
[10:57:29] INFO  CTRL    +2 vehicle(s) NORTH (queue=6)
[10:57:31] INFO  CTRL    +2 vehicle(s) NORTH (queue=8)
[10:57:33] INFO  CTRL    +2 vehicle(s) NORTH (queue=10)
[10:57:36] INFO  CTRL    +1 vehicle(s) SOUTH (queue=4)
[10:57:38] INFO  CTRL    +2 vehicle(s) WEST (queue=6)
[10:57:40] INFO  CTRL    +1 vehicle(s) NORTH (queue=11)
[10:57:40] INFO  CTRL    +2 vehicle(s) WEST (queue=8)
[10:57:41] INFO  CTRL    +1 vehicle(s) NORTH (queue=12)
[10:57:41] INFO  CTRL    +2 vehicle(s) EAST (queue=10)
[10:57:43] INFO  CTRL    +1 vehicle(s) WEST (queue=9)
[10:57:43] INFO  NORTH   Light GREEN -> YELLOW
[10:57:46] INFO  NORTH   Light YELLOW -> RED
[10:57:48] WARN  CTRL    EMERGENCY cleared
[10:57:48] INFO  CTRL    Phase -> ALL-RED-1 (duration=2s)
[10:57:48] INFO  CTRL    +2 vehicle(s) NORTH (queue=14)
[10:57:48] INFO  CTRL    +1 vehicle(s) SOUTH (queue=5)
[10:57:50] INFO  NORTH   Light RED -> YELLOW
[10:57:50] INFO  SOUTH   Light RED -> YELLOW
[10:57:53] INFO  CTRL    Phase -> NS-GREEN (duration=10s)
[10:57:53] INFO  CTRL    Pedestrian WALK: EAST/WEST crosswalks (synchronized with perpendicular vehicle green)
[10:57:53] INFO  CTRL    +2 vehicle(s) WEST (queue=11)
[10:57:53] INFO  CTRL    +2 vehicle(s) WEST (queue=13)
[10:57:53] INFO  CTRL    +2 vehicle(s) SOUTH (queue=7)
[10:57:53] INFO  CTRL    Pedestrian request from WEST
[10:57:53] INFO  NORTH   Light YELLOW -> GREEN
[10:57:53] INFO  SOUTH   Light YELLOW -> GREEN
[10:57:55] INFO  CTRL    +1 vehicle(s) SOUTH (queue=6)
[10:57:56] INFO  CTRL    +2 vehicle(s) EAST (queue=12)
[10:57:57] INFO  CTRL    +1 vehicle(s) EAST (queue=13)
[10:57:57] INFO  CTRL    Pedestrian request from EAST
[10:57:58] INFO  CTRL    +2 vehicle(s) EAST (queue=15)
[10:57:59] INFO  CTRL    +1 vehicle(s) NORTH (queue=9)
[10:57:59] INFO  CTRL    +1 vehicle(s) SOUTH (queue=3)
[10:57:59] INFO  CTRL    +1 vehicle(s) WEST (queue=14)
[10:58:00] INFO  CTRL    +2 vehicle(s) WEST (queue=16)
[10:58:01] WARN  CTRL    TIMING VIOLATION: pedestrian waited > 45s — cutting NS-GREEN short
[10:58:01] INFO  CTRL    Pedestrian WALK closed
[10:58:01] INFO  CTRL    Phase -> NS-YELLOW (duration=3s)
[10:58:01] INFO  CTRL    TIMING: yellow phase started — must last exactly 3s
[10:58:01] INFO  NORTH   Light GREEN -> YELLOW
[10:58:01] INFO  SOUTH   Light GREEN -> YELLOW
[10:58:02] INFO  CTRL    +2 vehicle(s) NORTH (queue=8)
[10:58:03] INFO  CTRL    +1 vehicle(s) SOUTH (queue=1)
[10:58:04] INFO  CTRL    Phase -> ALL-RED-1 (duration=2s)
[10:58:04] INFO  NORTH   Light YELLOW -> RED
[10:58:04] INFO  SOUTH   Light YELLOW -> RED
[10:58:05] INFO  CTRL    +1 vehicle(s) SOUTH (queue=2)
[10:58:06] INFO  WEST    Light RED -> YELLOW
[10:58:06] INFO  EAST    Light RED -> YELLOW
[10:58:10] INFO  CTRL    Phase -> EW-GREEN (duration=10s)
[10:58:10] INFO  CTRL    Pedestrian WALK: NORTH/SOUTH crosswalks (synchronized with perpendicular vehicle green)
[10:58:10] INFO  CTRL    +1 vehicle(s) EAST (queue=16)
[10:58:10] INFO  CTRL    Pedestrian request from SOUTH
[10:58:10] INFO  CTRL    Pedestrian request from NORTH
[10:58:10] INFO  CTRL    +1 vehicle(s) WEST (queue=17)
[10:58:10] INFO  WEST    Light YELLOW -> GREEN
[10:58:10] INFO  EAST    Light YELLOW -> GREEN
[10:58:11] INFO  CTRL    +2 vehicle(s) SOUTH (queue=4)
[10:58:12] INFO  CTRL    +1 vehicle(s) WEST (queue=16)
[10:58:13] INFO  CTRL    +1 vehicle(s) WEST (queue=16)
[10:58:15] INFO  CTRL    +1 vehicle(s) NORTH (queue=9)
[10:58:17] INFO  CTRL    +1 vehicle(s) SOUTH (queue=5)
[10:58:17] INFO  CTRL    +1 vehicle(s) EAST (queue=10)
[10:58:19] INFO  CTRL    +1 vehicle(s) EAST (queue=9)
[10:58:19] INFO  CTRL    Pedestrian WALK closed
[10:58:20] INFO  CTRL    Pedestrian WALK closed
[10:58:20] INFO  CTRL    Phase -> EW-YELLOW (duration=3s)
[10:58:20] INFO  CTRL    TIMING: yellow phase started — must last exactly 3s
[10:58:20] INFO  EAST    Light GREEN -> YELLOW
[10:58:20] INFO  WEST    Light GREEN -> YELLOW
[10:58:22] INFO  CTRL    +1 vehicle(s) NORTH (queue=10)
[10:58:23] INFO  CTRL    Phase -> ALL-RED-2 (duration=2s)
[10:58:23] INFO  CTRL    +2 vehicle(s) NORTH (queue=12)
[10:58:23] INFO  WEST    Light YELLOW -> RED
[10:58:23] INFO  EAST    Light YELLOW -> RED
[10:58:24] INFO  CTRL    +1 vehicle(s) NORTH (queue=13)
[10:58:25] INFO  SOUTH   Light RED -> YELLOW
[10:58:25] INFO  NORTH   Light RED -> YELLOW
[10:58:28] INFO  CTRL    Phase -> NS-GREEN (duration=10s)
[10:58:28] INFO  CTRL    Pedestrian WALK: EAST/WEST crosswalks (synchronized with perpendicular vehicle green)
[10:58:28] INFO  CTRL    +1 vehicle(s) SOUTH (queue=6)
[10:58:28] INFO  CTRL    +1 vehicle(s) WEST (queue=10)
[10:58:28] INFO  CTRL    +2 vehicle(s) EAST (queue=10)
[10:58:28] INFO  CTRL    +2 vehicle(s) NORTH (queue=15)
[10:58:28] INFO  CTRL    Pedestrian request from EAST
[10:58:28] INFO  SOUTH   Light YELLOW -> GREEN
[10:58:28] INFO  NORTH   Light YELLOW -> GREEN
[10:58:29] INFO  CTRL    +2 vehicle(s) SOUTH (queue=7)
[10:58:30] INFO  CTRL    +1 vehicle(s) NORTH (queue=14)
[10:58:31] INFO  CTRL    +1 vehicle(s) NORTH (queue=14)
[10:58:31] INFO  CTRL    +2 vehicle(s) SOUTH (queue=7)
[10:58:31] INFO  CTRL    +2 vehicle(s) WEST (queue=12)
[10:58:32] INFO  CTRL    +2 vehicle(s) SOUTH (queue=8)
[10:58:33] INFO  CTRL    +1 vehicle(s) SOUTH (queue=8)
[10:58:34] INFO  CTRL    +2 vehicle(s) NORTH (queue=13)
[10:58:34] INFO  CTRL    +2 vehicle(s) SOUTH (queue=9)
[10:58:37] INFO  CTRL    +2 vehicle(s) NORTH (queue=12)
[10:58:37] INFO  CTRL    Pedestrian WALK closed
[10:58:38] INFO  CTRL    Pedestrian WALK closed
[10:58:38] INFO  CTRL    Phase -> NS-YELLOW (duration=3s)
[10:58:38] INFO  CTRL    TIMING: yellow phase started — must last exactly 3s
[10:58:38] INFO  NORTH   Light GREEN -> YELLOW
[10:58:38] INFO  SOUTH   Light GREEN -> YELLOW
[10:58:40] INFO  CTRL    +1 vehicle(s) SOUTH (queue=6)
[10:58:40] INFO  CTRL    +2 vehicle(s) WEST (queue=14)
[10:58:41] INFO  CTRL    Phase -> ALL-RED-1 (duration=2s)
[10:58:41] INFO  NORTH   Light YELLOW -> RED
[10:58:42] INFO  SOUTH   Light YELLOW -> RED
[10:58:44] INFO  WEST    Light RED -> YELLOW
[10:58:44] INFO  EAST    Light RED -> YELLOW
[10:58:46] INFO  CTRL    Phase -> EW-GREEN (duration=10s)
[10:58:46] INFO  CTRL    Pedestrian WALK: NORTH/SOUTH crosswalks (synchronized with perpendicular vehicle green)
[10:58:46] INFO  CTRL    +2 vehicle(s) SOUTH (queue=8)
[10:58:46] INFO  CTRL    +1 vehicle(s) WEST (queue=15)
[10:58:46] INFO  CTRL    +2 vehicle(s) WEST (queue=17)
[10:58:46] INFO  CTRL    +1 vehicle(s) NORTH (queue=12)
[10:58:46] INFO  CTRL    +2 vehicle(s) WEST (queue=19)
[10:58:47] INFO  WEST    Light YELLOW -> GREEN
[10:58:47] INFO  EAST    Light YELLOW -> GREEN
[10:58:47] INFO  CTRL    Pedestrian request from NORTH
[10:58:49] INFO  CTRL    +2 vehicle(s) NORTH (queue=14)
[10:58:50] INFO  CTRL    +1 vehicle(s) SOUTH (queue=9)
[10:58:50] INFO  CTRL    +1 vehicle(s) EAST (queue=7)
[10:58:52] INFO  CTRL    +2 vehicle(s) SOUTH (queue=11)
[10:58:53] INFO  CTRL    +1 vehicle(s) NORTH (queue=15)
[10:58:53] INFO  CTRL    +2 vehicle(s) SOUTH (queue=13)
[10:58:53] INFO  CTRL    +2 vehicle(s) WEST (queue=14)
[10:58:56] INFO  CTRL    Pedestrian WALK closed
[10:58:56] INFO  CTRL    Phase -> EW-YELLOW (duration=3s)
[10:58:56] INFO  CTRL    TIMING: yellow phase started — must last exactly 3s
[10:58:56] INFO  WEST    Light GREEN -> YELLOW
[10:58:56] INFO  EAST    Light GREEN -> YELLOW
[10:58:58] INFO  CTRL    Phase -> ALL-RED-2 (duration=2s)
[10:58:58] INFO  CTRL    +2 vehicle(s) WEST (queue=14)
[10:58:59] INFO  WEST    Light YELLOW -> RED
[10:58:59] INFO  EAST    Light YELLOW -> RED
[10:59:00] INFO  CTRL    +1 vehicle(s) SOUTH (queue=14)
[10:59:00] INFO  CTRL    Pedestrian request from WEST
[10:59:01] INFO  NORTH   Light RED -> YELLOW
[10:59:01] INFO  SOUTH   Light RED -> YELLOW
[10:59:04] INFO  CTRL    Phase -> NS-GREEN (duration=10s)
[10:59:04] INFO  CTRL    Pedestrian WALK: EAST/WEST crosswalks (synchronized with perpendicular vehicle green)
[10:59:04] INFO  CTRL    Pedestrian request from WEST
[10:59:04] INFO  NORTH   Light YELLOW -> GREEN
[10:59:04] INFO  SOUTH   Light YELLOW -> GREEN
[10:59:05] INFO  CTRL    Pedestrian request from EAST
[10:59:06] INFO  CTRL    +1 vehicle(s) WEST (queue=15)
[10:59:07] INFO  CTRL    +1 vehicle(s) NORTH (queue=13)
[10:59:10] INFO  CTRL    +2 vehicle(s) SOUTH (queue=10)
[10:59:10] INFO  CTRL    +1 vehicle(s) WEST (queue=16)
[10:59:10] INFO  GUI     Injected emergency event for SOUTH
[10:59:11] INFO  CTRL    +1 vehicle(s) NORTH (queue=10)
[10:59:11] INFO  CTRL    +2 vehicle(s) EAST (queue=4)
[10:59:11] WARN  CTRL    EMERGENCY vehicle from SOUTH
[10:59:11] INFO  CTRL    Pedestrian WALK closed
[10:59:11] INFO  CTRL    Pedestrian WALK closed
[10:59:11] WARN  CTRL    EMERGENCY priority for SOUTH — clearing intersection
[10:59:11] INFO  CTRL    Pedestrian WALK closed
[10:59:11] INFO  NORTH   Light GREEN -> YELLOW
[10:59:11] INFO  SOUTH   Light GREEN -> YELLOW
[10:59:14] INFO  NORTH   Light YELLOW -> RED
[10:59:14] INFO  SOUTH   Light YELLOW -> RED
[10:59:16] INFO  NORTH   Light RED -> YELLOW
[10:59:19] INFO  CTRL    Phase -> EMERGENCY (duration=8s)
[10:59:19] INFO  CTRL    +2 vehicle(s) NORTH (queue=11)
[10:59:19] INFO  CTRL    +2 vehicle(s) WEST (queue=18)
[10:59:19] INFO  CTRL    Pedestrian request from SOUTH
[10:59:19] INFO  CTRL    +1 vehicle(s) EAST (queue=5)
[10:59:19] INFO  CTRL    +1 vehicle(s) WEST (queue=19)
[10:59:19] INFO  CTRL    +1 vehicle(s) SOUTH (queue=9)
[10:59:19] INFO  CTRL    +1 vehicle(s) NORTH (queue=12)
[10:59:19] INFO  CTRL    +1 vehicle(s) WEST (queue=20)
[10:59:19] INFO  CTRL    +2 vehicle(s) SOUTH (queue=11)
[10:59:19] INFO  CTRL    +1 vehicle(s) EAST (queue=6)
[10:59:19] INFO  CTRL    +1 vehicle(s) SOUTH (queue=12)
[10:59:19] INFO  NORTH   Light YELLOW -> GREEN
[10:59:20] INFO  CTRL    +1 vehicle(s) EAST (queue=7)
[10:59:21] INFO  CTRL    +2 vehicle(s) SOUTH (queue=14)
[10:59:24] INFO  CTRL    +1 vehicle(s) NORTH (queue=13)
[10:59:25] INFO  CTRL    +1 vehicle(s) NORTH (queue=14)
[10:59:26] INFO  CTRL    +2 vehicle(s) NORTH (queue=16)
[10:59:28] INFO  CTRL    +1 vehicle(s) SOUTH (queue=15)
[10:59:29] INFO  CTRL    +2 vehicle(s) SOUTH (queue=17)
[10:59:29] INFO  CTRL    +1 vehicle(s) EAST (queue=8)
[10:59:32] INFO  CTRL    +2 vehicle(s) SOUTH (queue=19)
[10:59:33] INFO  CTRL    +1 vehicle(s) WEST (queue=21)
[10:59:34] INFO  CTRL    +2 vehicle(s) NORTH (queue=18)
[10:59:34] INFO  CTRL    +2 vehicle(s) SOUTH (queue=21)
[10:59:35] INFO  NORTH   Light GREEN -> YELLOW
[10:59:38] INFO  NORTH   Light YELLOW -> RED
[10:59:40] WARN  CTRL    EMERGENCY cleared
[10:59:40] INFO  CTRL    Phase -> ALL-RED-1 (duration=2s)
[10:59:40] INFO  CTRL    +1 vehicle(s) NORTH (queue=19)
[10:59:40] INFO  CTRL    +2 vehicle(s) EAST (queue=10)
[10:59:40] INFO  CTRL    +1 vehicle(s) NORTH (queue=20)
[10:59:42] INFO  NORTH   Light RED -> YELLOW
[10:59:42] INFO  SOUTH   Light RED -> YELLOW
[10:59:45] INFO  CTRL    Phase -> NS-GREEN (duration=10s)
[10:59:45] INFO  CTRL    Pedestrian WALK: EAST/WEST crosswalks (synchronized with perpendicular vehicle green)
[10:59:45] INFO  CTRL    +2 vehicle(s) WEST (queue=23)
[10:59:45] INFO  CTRL    +1 vehicle(s) EAST (queue=11)
[10:59:45] INFO  NORTH   Light YELLOW -> GREEN
[10:59:45] INFO  SOUTH   Light YELLOW -> GREEN
[10:59:47] INFO  CTRL    +1 vehicle(s) SOUTH (queue=21)
[10:59:50] INFO  CTRL    +2 vehicle(s) WEST (queue=25)
[10:59:51] INFO  CTRL    +1 vehicle(s) WEST (queue=26)
[10:59:53] INFO  CTRL    Pedestrian request from EAST
[10:59:53] INFO  CTRL    +2 vehicle(s) NORTH (queue=15)
[10:59:53] WARN  CTRL    TIMING VIOLATION: pedestrian waited > 45s — cutting NS-GREEN short
[10:59:53] INFO  CTRL    Pedestrian WALK closed
[10:59:53] INFO  CTRL    Phase -> NS-YELLOW (duration=3s)
[10:59:53] INFO  CTRL    TIMING: yellow phase started — must last exactly 3s
[10:59:53] INFO  NORTH   Light GREEN -> YELLOW
[10:59:53] INFO  SOUTH   Light GREEN -> YELLOW
[10:59:55] INFO  CTRL    Pedestrian request from WEST
[10:59:55] INFO  CTRL    +2 vehicle(s) NORTH (queue=16)
[10:59:55] INFO  CTRL    +1 vehicle(s) SOUTH (queue=15)
[10:59:56] INFO  CTRL    Phase -> ALL-RED-1 (duration=2s)
[10:59:56] INFO  CTRL    +1 vehicle(s) EAST (queue=12)
[10:59:56] INFO  CTRL    +2 vehicle(s) WEST (queue=28)
[10:59:56] INFO  SOUTH   Light YELLOW -> RED
[10:59:56] INFO  NORTH   Light YELLOW -> RED
[10:59:57] INFO  GUI     Injected emergency event for NORTH
[10:59:57] INFO  CTRL    +1 vehicle(s) WEST (queue=29)
[10:59:57] WARN  CTRL    EMERGENCY vehicle from NORTH
[10:59:57] WARN  CTRL    EMERGENCY priority for NORTH — clearing intersection
[10:59:57] INFO  CTRL    Pedestrian WALK closed
[11:00:02] INFO  SOUTH   Light RED -> YELLOW
[11:00:05] INFO  CTRL    Phase -> EMERGENCY (duration=8s)
[11:00:05] INFO  CTRL    +2 vehicle(s) NORTH (queue=18)
[11:00:05] INFO  CTRL    +2 vehicle(s) SOUTH (queue=17)
[11:00:05] INFO  CTRL    +1 vehicle(s) WEST (queue=30)
[11:00:05] INFO  CTRL    +2 vehicle(s) EAST (queue=14)
[11:00:05] INFO  CTRL    +2 vehicle(s) NORTH (queue=20)
[11:00:05] INFO  SOUTH   Light YELLOW -> GREEN
[11:00:06] INFO  CTRL    +1 vehicle(s) NORTH (queue=21)
[11:00:07] INFO  CTRL    +2 vehicle(s) NORTH (queue=23)
[11:00:07] INFO  CTRL    +1 vehicle(s) WEST (queue=31)
[11:00:08] INFO  CTRL    +1 vehicle(s) NORTH (queue=24)
[11:00:08] INFO  CTRL    +1 vehicle(s) WEST (queue=32)
[11:00:09] INFO  CTRL    +2 vehicle(s) NORTH (queue=26)
[11:00:09] INFO  CTRL    +1 vehicle(s) SOUTH (queue=18)
[11:00:10] INFO  CTRL    +1 vehicle(s) NORTH (queue=27)
[11:00:10] INFO  CTRL    +2 vehicle(s) EAST (queue=16)
[11:00:12] INFO  CTRL    +2 vehicle(s) NORTH (queue=29)
[11:00:12] INFO  CTRL    +1 vehicle(s) SOUTH (queue=19)
[11:00:12] INFO  CTRL    +1 vehicle(s) WEST (queue=33)
[11:00:17] INFO  CTRL    +2 vehicle(s) WEST (queue=35)
[11:00:18] INFO  CTRL    +2 vehicle(s) NORTH (queue=31)
[11:00:18] INFO  CTRL    +1 vehicle(s) SOUTH (queue=20)
[11:00:21] INFO  CTRL    +2 vehicle(s) EAST (queue=18)
[11:00:21] INFO  SOUTH   Light GREEN -> YELLOW
[11:00:24] INFO  SOUTH   Light YELLOW -> RED
[11:00:26] WARN  CTRL    EMERGENCY cleared
[11:00:26] INFO  CTRL    Phase -> ALL-RED-1 (duration=2s)
[11:00:26] INFO  CTRL    +1 vehicle(s) NORTH (queue=32)
[11:00:26] INFO  CTRL    +2 vehicle(s) SOUTH (queue=22)
[11:00:26] INFO  CTRL    +1 vehicle(s) EAST (queue=19)
[11:00:26] INFO  CTRL    +1 vehicle(s) SOUTH (queue=23)
[11:00:27] INFO  CTRL    +2 vehicle(s) NORTH (queue=34)
[11:00:28] INFO  NORTH   Light RED -> YELLOW
[11:00:28] INFO  SOUTH   Light RED -> YELLOW
[11:00:31] INFO  CTRL    Phase -> NS-GREEN (duration=10s)
[11:00:31] INFO  CTRL    Pedestrian WALK: EAST/WEST crosswalks (synchronized with perpendicular vehicle green)
[11:00:31] INFO  CTRL    +2 vehicle(s) EAST (queue=21)
[11:00:31] INFO  CTRL    +1 vehicle(s) WEST (queue=36)
[11:00:31] INFO  CTRL    +1 vehicle(s) SOUTH (queue=24)
[11:00:31] INFO  CTRL    +1 vehicle(s) WEST (queue=37)
[11:00:31] INFO  SOUTH   Light YELLOW -> GREEN
[11:00:31] INFO  NORTH   Light YELLOW -> GREEN
[11:00:33] INFO  CTRL    +2 vehicle(s) NORTH (queue=34)
[11:00:34] INFO  CTRL    +2 vehicle(s) NORTH (queue=35)
[11:00:35] INFO  CTRL    Pedestrian request from WEST
[11:00:35] INFO  CTRL    +1 vehicle(s) WEST (queue=38)
[11:00:38] INFO  GUI     Injected emergency event for NORTH
[11:00:38] INFO  CTRL    +2 vehicle(s) EAST (queue=23)
[11:00:38] WARN  CTRL    EMERGENCY vehicle from NORTH
[11:00:38] INFO  CTRL    Pedestrian WALK closed
[11:00:38] INFO  CTRL    Pedestrian WALK closed
[11:00:38] WARN  CTRL    EMERGENCY priority for NORTH — clearing intersection
[11:00:38] INFO  CTRL    Pedestrian WALK closed
[11:00:38] INFO  SOUTH   Light GREEN -> YELLOW
[11:00:38] INFO  NORTH   Light GREEN -> YELLOW
[11:00:41] INFO  SOUTH   Light YELLOW -> RED
[11:00:41] INFO  NORTH   Light YELLOW -> RED
[11:00:43] INFO  SOUTH   Light RED -> YELLOW
[11:00:46] INFO  CTRL    Phase -> EMERGENCY (duration=8s)
[11:00:46] INFO  CTRL    +1 vehicle(s) EAST (queue=24)
[11:00:46] INFO  CTRL    +1 vehicle(s) WEST (queue=39)
[11:00:46] INFO  CTRL    +2 vehicle(s) EAST (queue=26)
[11:00:46] INFO  CTRL    +1 vehicle(s) NORTH (queue=31)
[11:00:46] INFO  CTRL    +1 vehicle(s) SOUTH (queue=17)
[11:00:46] INFO  CTRL    +1 vehicle(s) NORTH (queue=32)
[11:00:46] INFO  CTRL    +1 vehicle(s) WEST (queue=40)
[11:00:46] INFO  CTRL    +2 vehicle(s) NORTH (queue=34)
[11:00:46] INFO  CTRL    +1 vehicle(s) SOUTH (queue=18)
[11:00:46] INFO  CTRL    +2 vehicle(s) EAST (queue=28)
[11:00:46] INFO  SOUTH   Light YELLOW -> GREEN
[11:00:47] INFO  CTRL    +2 vehicle(s) NORTH (queue=36)
[11:00:47] INFO  CTRL    +2 vehicle(s) SOUTH (queue=20)
[11:00:48] INFO  CTRL    +1 vehicle(s) NORTH (queue=37)
[11:00:50] INFO  WEST    Light process exiting
[11:00:50] INFO  SOUTH   Light process exiting
[11:00:50] INFO  EAST    Light process exiting
[11:00:50] INFO  NORTH   Light process exiting
===== System stopped =====


===== System started =====
[11:10:53] INFO  CTRL    Controller process started (pid=358076)
[11:10:53] INFO  CTRL    Phase -> ALL-RED-1 (duration=2s)
[11:10:53] INFO  VEHICLE Vehicle detector started (pid=358077)
[11:10:53] INFO  PEDEST  Pedestrian generator started (pid=358078)
[11:10:53] INFO  SOUTH   Light process started (pid=358073)
[11:10:53] INFO  NORTH   Light process started (pid=358072)
[11:10:53] INFO  EAST    Light process started (pid=358074)
[11:10:53] INFO  WEST    Light process started (pid=358075)
[11:10:53] INFO  EMERG   Emergency generator started (pid=358079)
[11:10:53] INFO  GUI     OpenGL GUI attached
[11:10:54] INFO  CTRL    +1 vehicle(s) EAST (queue=1)
[11:10:55] INFO  NORTH   Light RED -> YELLOW
[11:10:55] INFO  SOUTH   Light RED -> YELLOW
[11:10:58] INFO  CTRL    Phase -> NS-GREEN (duration=8s)
[11:10:58] INFO  CTRL    +1 vehicle(s) EAST (queue=2)
[11:10:58] INFO  CTRL    Pedestrian request from SOUTH
[11:10:58] INFO  CTRL    +1 vehicle(s) WEST (queue=1)
[11:10:58] INFO  CTRL    +1 vehicle(s) WEST (queue=2)
[11:10:58] INFO  CTRL    +2 vehicle(s) WEST (queue=4)
[11:10:58] INFO  NORTH   Light YELLOW -> GREEN
[11:10:58] INFO  SOUTH   Light YELLOW -> GREEN
[11:10:59] INFO  CTRL    +1 vehicle(s) EAST (queue=3)
[11:11:00] INFO  CTRL    +2 vehicle(s) SOUTH (queue=2)
[11:11:00] INFO  CTRL    +2 vehicle(s) WEST (queue=6)
[11:11:01] INFO  GUI     Injected emergency event for NORTH
[11:11:02] WARN  CTRL    EMERGENCY vehicle from NORTH
[11:11:02] INFO  CTRL    Pedestrian WALK closed
[11:11:02] INFO  CTRL    Pedestrian WALK closed
[11:11:02] WARN  CTRL    EMERGENCY priority for NORTH — clearing intersection
[11:11:02] INFO  CTRL    Pedestrian WALK closed
[11:11:02] INFO  NORTH   Light GREEN -> YELLOW
[11:11:02] INFO  SOUTH   Light GREEN -> YELLOW
[11:11:05] INFO  NORTH   Light YELLOW -> RED
[11:11:05] INFO  SOUTH   Light YELLOW -> RED
[11:11:07] INFO  SOUTH   Light RED -> YELLOW
[11:11:10] INFO  CTRL    Phase -> EMERGENCY (duration=8s)
[11:11:10] INFO  CTRL    +1 vehicle(s) NORTH (queue=1)
[11:11:10] INFO  CTRL    +2 vehicle(s) EAST (queue=5)
[11:11:10] INFO  CTRL    +2 vehicle(s) SOUTH (queue=2)
[11:11:10] INFO  CTRL    +1 vehicle(s) WEST (queue=7)
[11:11:10] INFO  CTRL    +1 vehicle(s) WEST (queue=8)
[11:11:10] INFO  CTRL    +2 vehicle(s) WEST (queue=10)
[11:11:10] INFO  CTRL    Pedestrian request from EAST
[11:11:10] INFO  CTRL    +2 vehicle(s) SOUTH (queue=4)
[11:11:10] INFO  SOUTH   Light YELLOW -> GREEN
[11:11:11] INFO  CTRL    +2 vehicle(s) NORTH (queue=3)
[11:11:11] INFO  CTRL    +2 vehicle(s) EAST (queue=7)
[11:11:12] INFO  CTRL    +1 vehicle(s) SOUTH (queue=5)
[11:11:14] INFO  CTRL    Pedestrian request from NORTH
[11:11:15] INFO  CTRL    +2 vehicle(s) SOUTH (queue=7)
[11:11:17] INFO  CTRL    +2 vehicle(s) NORTH (queue=5)
[11:11:17] INFO  CTRL    +1 vehicle(s) SOUTH (queue=8)
[11:11:21] INFO  CTRL    Pedestrian request from WEST
[11:11:21] INFO  CTRL    +1 vehicle(s) NORTH (queue=6)
[11:11:22] INFO  CTRL    +2 vehicle(s) EAST (queue=9)
[11:11:23] INFO  CTRL    +1 vehicle(s) SOUTH (queue=9)
[11:11:23] INFO  CTRL    +2 vehicle(s) WEST (queue=12)
[11:11:26] INFO  CTRL    +2 vehicle(s) NORTH (queue=8)
[11:11:26] INFO  SOUTH   Light GREEN -> YELLOW
[11:11:29] INFO  SOUTH   Light YELLOW -> RED
[11:11:31] WARN  CTRL    EMERGENCY cleared
[11:11:31] INFO  CTRL    Phase -> ALL-RED-1 (duration=2s)
[11:11:31] INFO  CTRL    +1 vehicle(s) SOUTH (queue=10)
[11:11:31] INFO  CTRL    +2 vehicle(s) WEST (queue=14)
[11:11:31] INFO  CTRL    +1 vehicle(s) SOUTH (queue=11)
[11:11:31] INFO  CTRL    +2 vehicle(s) WEST (queue=16)
[11:11:31] INFO  CTRL    +2 vehicle(s) NORTH (queue=10)
[11:11:31] INFO  CTRL    +1 vehicle(s) SOUTH (queue=12)
[11:11:31] INFO  CTRL    +1 vehicle(s) WEST (queue=17)
[11:11:33] INFO  NORTH   Light RED -> YELLOW
[11:11:33] INFO  SOUTH   Light RED -> YELLOW
[11:11:36] INFO  CTRL    Phase -> NS-GREEN (duration=10s)
[11:11:36] INFO  CTRL    Pedestrian WALK: EAST/WEST crosswalks (synchronized with perpendicular vehicle green)
[11:11:36] INFO  CTRL    +2 vehicle(s) WEST (queue=19)
[11:11:36] INFO  CTRL    Pedestrian request from WEST
[11:11:36] INFO  CTRL    +1 vehicle(s) NORTH (queue=11)
[11:11:36] INFO  CTRL    +1 vehicle(s) WEST (queue=20)
[11:11:36] INFO  NORTH   Light YELLOW -> GREEN
[11:11:36] INFO  SOUTH   Light YELLOW -> GREEN
[11:11:38] INFO  CTRL    Pedestrian request from EAST
[11:11:38] INFO  CTRL    +1 vehicle(s) NORTH (queue=10)
[11:11:38] INFO  CTRL    +1 vehicle(s) SOUTH (queue=11)
[11:11:41] INFO  CTRL    +1 vehicle(s) SOUTH (queue=9)
[11:11:42] INFO  CTRL    +2 vehicle(s) WEST (queue=22)
[11:11:43] INFO  CTRL    +2 vehicle(s) WEST (queue=24)
[11:11:44] INFO  CTRL    +1 vehicle(s) NORTH (queue=5)
[11:11:44] INFO  CTRL    +1 vehicle(s) EAST (queue=10)
[11:11:44] WARN  CTRL    TIMING VIOLATION: pedestrian waited > 45s — cutting NS-GREEN short
[11:11:44] INFO  CTRL    Pedestrian WALK closed
[11:11:44] INFO  CTRL    Phase -> NS-YELLOW (duration=3s)
[11:11:44] INFO  CTRL    TIMING: yellow phase started — must last exactly 3s
[11:11:44] INFO  NORTH   Light GREEN -> YELLOW
[11:11:44] INFO  SOUTH   Light GREEN -> YELLOW
[11:11:47] INFO  SOUTH   Light process exiting
===== System stopped =====


===== System started =====
[11:19:10] INFO  SOUTH   Light process started (pid=360131)
[11:19:10] INFO  EAST    Light process started (pid=360132)
[11:19:10] INFO  WEST    Light process started (pid=360133)
[11:19:10] INFO  VEHICLE Vehicle detector started (pid=360135)
[11:19:10] INFO  NORTH   Light process started (pid=360130)
[11:19:10] INFO  CTRL    Controller process started (pid=360134)
[11:19:10] INFO  CTRL    Phase -> ALL-RED-1 (duration=2s)
[11:19:10] INFO  PEDEST  Pedestrian generator started (pid=360136)
[11:19:10] INFO  EMERG   Emergency generator started (pid=360137)
[11:19:10] INFO  GUI     OpenGL GUI attached
[11:19:12] INFO  NORTH   Light RED -> YELLOW
[11:19:12] INFO  SOUTH   Light RED -> YELLOW
[11:19:15] INFO  CTRL    Phase -> NS-GREEN (duration=8s)
[11:19:15] INFO  CTRL    +1 vehicle(s) NORTH (queue=1)
[11:19:15] INFO  CTRL    +2 vehicle(s) SOUTH (queue=2)
[11:19:15] INFO  CTRL    +2 vehicle(s) EAST (queue=2)
[11:19:15] INFO  CTRL    +2 vehicle(s) WEST (queue=2)
[11:19:15] INFO  CTRL    Pedestrian request from EAST
[11:19:15] INFO  CTRL    +2 vehicle(s) EAST (queue=4)
[11:19:15] INFO  CTRL    +1 vehicle(s) WEST (queue=3)
[11:19:15] INFO  SOUTH   Light YELLOW -> GREEN
[11:19:15] INFO  NORTH   Light YELLOW -> GREEN
[11:19:16] INFO  CTRL    +2 vehicle(s) SOUTH (queue=3)
[11:19:16] INFO  CTRL    Pedestrian request from WEST
[11:19:17] INFO  CTRL    +2 vehicle(s) EAST (queue=6)
[11:19:18] INFO  CTRL    +1 vehicle(s) SOUTH (queue=2)
[11:19:19] INFO  CTRL    +1 vehicle(s) NORTH (queue=1)
[11:19:19] INFO  CTRL    +1 vehicle(s) SOUTH (queue=2)
[11:19:19] INFO  CTRL    +2 vehicle(s) WEST (queue=5)
[11:19:20] INFO  CTRL    +1 vehicle(s) SOUTH (queue=2)
[11:19:20] INFO  CTRL    +1 vehicle(s) EAST (queue=7)
[11:19:21] INFO  CTRL    +2 vehicle(s) NORTH (queue=2)
[11:19:22] INFO  CTRL    +2 vehicle(s) WEST (queue=7)
[11:19:23] INFO  CTRL    Pedestrian WALK closed
[11:19:23] INFO  CTRL    Phase -> NS-YELLOW (duration=3s)
[11:19:23] INFO  CTRL    TIMING: yellow phase started — must last exactly 3s
[11:19:23] INFO  CTRL    +2 vehicle(s) SOUTH (queue=2)
[11:19:23] INFO  SOUTH   Light GREEN -> YELLOW
[11:19:23] INFO  NORTH   Light GREEN -> YELLOW
[11:19:24] INFO  CTRL    Pedestrian request from SOUTH
[11:19:25] INFO  CTRL    +2 vehicle(s) SOUTH (queue=4)
[11:19:25] INFO  CTRL    +1 vehicle(s) WEST (queue=8)
[11:19:26] INFO  CTRL    Phase -> ALL-RED-1 (duration=2s)
[11:19:26] INFO  SOUTH   Light YELLOW -> RED
[11:19:26] INFO  NORTH   Light YELLOW -> RED
[11:19:28] INFO  WEST    Light RED -> YELLOW
[11:19:28] INFO  EAST    Light RED -> YELLOW
[11:19:29] WARN  GUI     TICKET: red-light runner from SOUTH, plate TR-6366
[11:19:31] INFO  CTRL    Phase -> EW-GREEN (duration=10s)
[11:19:31] INFO  CTRL    Pedestrian WALK: NORTH/SOUTH crosswalks (synchronized with perpendicular vehicle green)
[11:19:31] INFO  CTRL    +1 vehicle(s) NORTH (queue=1)
[11:19:31] INFO  CTRL    +1 vehicle(s) SOUTH (queue=5)
[11:19:31] WARN  CTRL    TICKET: red-light violation from SOUTH, plate TR-6366
[11:19:31] WARN  CTRL    TICKET: freezing simulation until chase ends
[11:19:31] INFO  WEST    Light YELLOW -> GREEN
[11:19:31] INFO  EAST    Light YELLOW -> GREEN
[11:19:32] INFO  CTRL    +2 vehicle(s) WEST (queue=9)
[11:19:33] INFO  GUI     TICKET: police caught plate TR-6366
[11:19:33] INFO  CTRL    +1 vehicle(s) NORTH (queue=2)
[11:19:33] WARN  CTRL    TICKET: chase complete, resuming normal operation
[11:19:34] INFO  CTRL    +1 vehicle(s) WEST (queue=10)
[11:19:35] INFO  CTRL    +2 vehicle(s) NORTH (queue=4)
[11:19:39] INFO  CTRL    +2 vehicle(s) SOUTH (queue=7)
[11:19:39] INFO  CTRL    +1 vehicle(s) WEST (queue=6)
[11:19:39] INFO  CTRL    Pedestrian request from NORTH
[11:19:40] INFO  CTRL    +1 vehicle(s) NORTH (queue=5)
[11:19:40] INFO  CTRL    +1 vehicle(s) EAST (queue=1)
[11:19:41] INFO  CTRL    +2 vehicle(s) SOUTH (queue=9)
[11:19:43] INFO  CTRL    Pedestrian WALK closed
[11:19:43] INFO  CTRL    Phase -> EW-YELLOW (duration=3s)
[11:19:43] INFO  CTRL    TIMING: yellow phase started — must last exactly 3s
[11:19:43] INFO  WEST    Light GREEN -> YELLOW
[11:19:43] INFO  EAST    Light GREEN -> YELLOW
[11:19:45] INFO  GUI     Injected emergency event for NORTH
[11:19:46] INFO  CTRL    Phase -> ALL-RED-2 (duration=2s)
[11:19:46] WARN  CTRL    EMERGENCY vehicle from NORTH
[11:19:46] WARN  CTRL    EMERGENCY priority for NORTH — clearing intersection
[11:19:46] INFO  CTRL    Pedestrian WALK closed
[11:19:46] INFO  EAST    Light YELLOW -> RED
[11:19:46] INFO  WEST    Light YELLOW -> RED
[11:19:47] INFO  SOUTH   Light RED -> YELLOW
[11:19:47] INFO  CTRL    Phase -> EMERGENCY (duration=8s)
[11:19:47] INFO  CTRL    +2 vehicle(s) EAST (queue=2)
[11:19:47] INFO  SOUTH   Light YELLOW -> GREEN
[11:19:50] INFO  CTRL    +1 vehicle(s) WEST (queue=5)
[11:19:52] INFO  CTRL    Pedestrian request from SOUTH
[11:19:53] INFO  CTRL    +2 vehicle(s) SOUTH (queue=11)
[11:19:54] INFO  CTRL    +2 vehicle(s) WEST (queue=7)
[11:19:55] INFO  CTRL    +2 vehicle(s) NORTH (queue=7)
[11:19:59] INFO  CTRL    +2 vehicle(s) EAST (queue=4)
[11:20:02] INFO  CTRL    +2 vehicle(s) EAST (queue=6)
[11:20:03] INFO  CTRL    +2 vehicle(s) WEST (queue=9)
[11:20:03] INFO  SOUTH   Light GREEN -> YELLOW
[11:20:04] INFO  SOUTH   Light YELLOW -> RED
[11:20:04] WARN  CTRL    EMERGENCY cleared
[11:20:04] INFO  CTRL    Phase -> ALL-RED-1 (duration=2s)
[11:20:04] INFO  CTRL    +1 vehicle(s) WEST (queue=10)
[11:20:06] INFO  NORTH   Light RED -> YELLOW
[11:20:06] INFO  SOUTH   Light RED -> YELLOW
[11:20:09] INFO  CTRL    Phase -> NS-GREEN (duration=10s)
[11:20:09] INFO  CTRL    Pedestrian WALK: EAST/WEST crosswalks (synchronized with perpendicular vehicle green)
[11:20:09] INFO  CTRL    +1 vehicle(s) NORTH (queue=8)
[11:20:09] INFO  CTRL    +2 vehicle(s) SOUTH (queue=13)
[11:20:09] INFO  CTRL    +2 vehicle(s) WEST (queue=12)
[11:20:09] INFO  NORTH   Light YELLOW -> GREEN
[11:20:09] INFO  SOUTH   Light YELLOW -> GREEN
[11:20:10] INFO  CTRL    +1 vehicle(s) NORTH (queue=7)
[11:20:10] INFO  CTRL    +2 vehicle(s) SOUTH (queue=13)
[11:20:10] INFO  CTRL    +1 vehicle(s) EAST (queue=7)
[11:20:10] INFO  CTRL    +1 vehicle(s) WEST (queue=13)
[11:20:11] INFO  CTRL    +2 vehicle(s) SOUTH (queue=14)
[11:20:12] INFO  CTRL    +1 vehicle(s) NORTH (queue=6)
[11:20:12] INFO  CTRL    +1 vehicle(s) SOUTH (queue=14)
[11:20:16] INFO  CTRL    +1 vehicle(s) WEST (queue=14)
[11:20:17] INFO  CTRL    +1 vehicle(s) NORTH (queue=3)
[11:20:18] INFO  CTRL    +2 vehicle(s) EAST (queue=9)
[11:20:18] INFO  CTRL    +2 vehicle(s) WEST (queue=16)
[11:20:19] INFO  GUI     Injected emergency event for NORTH
[11:20:19] INFO  CTRL    Pedestrian WALK closed
[11:20:19] INFO  CTRL    Phase -> NS-YELLOW (duration=3s)
[11:20:19] INFO  CTRL    TIMING: yellow phase started — must last exactly 3s
[11:20:19] WARN  CTRL    EMERGENCY vehicle from NORTH
[11:20:19] WARN  CTRL    EMERGENCY priority for NORTH — clearing intersection
[11:20:19] INFO  CTRL    Pedestrian WALK closed
[11:20:19] INFO  NORTH   Light GREEN -> YELLOW
[11:20:19] INFO  SOUTH   Light GREEN -> YELLOW
[11:20:20] INFO  NORTH   Light YELLOW -> RED
[11:20:20] INFO  SOUTH   Light YELLOW -> RED
[11:20:20] INFO  SOUTH   Light RED -> YELLOW
[11:20:21] INFO  CTRL    Phase -> EMERGENCY (duration=8s)
[11:20:21] INFO  CTRL    +2 vehicle(s) SOUTH (queue=11)
[11:20:21] INFO  CTRL    +2 vehicle(s) SOUTH (queue=13)
[11:20:21] INFO  CTRL    +1 vehicle(s) WEST (queue=17)
[11:20:21] INFO  SOUTH   Light YELLOW -> GREEN
[11:20:22] INFO  CTRL    +2 vehicle(s) WEST (queue=19)
[11:20:23] INFO  CTRL    +1 vehicle(s) WEST (queue=20)
[11:20:25] INFO  CTRL    +1 vehicle(s) NORTH (queue=3)
[11:20:26] INFO  CTRL    +1 vehicle(s) EAST (queue=10)
[11:20:27] INFO  CTRL    +1 vehicle(s) EAST (queue=11)
[11:20:28] INFO  CTRL    +1 vehicle(s) NORTH (queue=4)
[11:20:29] INFO  CTRL    +2 vehicle(s) NORTH (queue=6)
[11:20:30] INFO  EAST    Light process exiting
[11:20:30] INFO  NORTH   Light process exiting
[11:20:30] INFO  SOUTH   Light process exiting
===== System stopped =====


===== System started =====
[11:22:07] INFO  NORTH   Light process started (pid=360917)
[11:22:07] INFO  WEST    Light process started (pid=360920)
[11:22:07] INFO  SOUTH   Light process started (pid=360918)
[11:22:07] INFO  EAST    Light process started (pid=360919)
[11:22:07] INFO  CTRL    Controller process started (pid=360921)
[11:22:07] INFO  VEHICLE Vehicle detector started (pid=360922)
[11:22:07] INFO  CTRL    Phase -> ALL-RED-1 (duration=2s)
[11:22:07] INFO  CTRL    +2 vehicle(s) SOUTH (queue=2)
[11:22:07] INFO  CTRL    +1 vehicle(s) EAST (queue=1)
[11:22:07] INFO  PEDEST  Pedestrian generator started (pid=360923)
[11:22:07] INFO  EMERG   Emergency generator started (pid=360924)
[11:22:07] INFO  GUI     OpenGL GUI attached
[11:22:09] INFO  SOUTH   Light RED -> YELLOW
[11:22:09] INFO  NORTH   Light RED -> YELLOW
[11:22:12] INFO  CTRL    Phase -> NS-GREEN (duration=10s)
[11:22:12] INFO  CTRL    +2 vehicle(s) SOUTH (queue=4)
[11:22:12] INFO  CTRL    Pedestrian request from WEST
[11:22:12] INFO  CTRL    +1 vehicle(s) NORTH (queue=1)
[11:22:12] INFO  CTRL    Pedestrian request from SOUTH
[11:22:12] INFO  CTRL    +2 vehicle(s) SOUTH (queue=6)
[11:22:12] INFO  CTRL    Pedestrian request from NORTH
[11:22:12] INFO  NORTH   Light YELLOW -> GREEN
[11:22:12] INFO  SOUTH   Light YELLOW -> GREEN
[11:22:13] INFO  CTRL    Pedestrian request from EAST
[11:22:13] INFO  CTRL    +1 vehicle(s) NORTH (queue=1)
[11:22:15] INFO  CTRL    +2 vehicle(s) EAST (queue=3)
[11:22:15] INFO  CTRL    +2 vehicle(s) WEST (queue=2)
[11:22:16] WARN  GUI     TICKET: red-light runner from NORTH, plate XE-5195
[11:22:16] WARN  CTRL    TICKET: red-light violation from NORTH, plate XE-5195
[11:22:17] INFO  CTRL    +1 vehicle(s) SOUTH (queue=2)
[11:22:17] INFO  CTRL    +2 vehicle(s) WEST (queue=4)
[11:22:17] WARN  CTRL    TICKET: freezing simulation until chase ends
[11:22:20] INFO  CTRL    +1 vehicle(s) NORTH (queue=1)
[11:22:20] INFO  GUI     TICKET: police caught plate XE-5195
[11:22:21] WARN  CTRL    TICKET: chase complete, resuming normal operation
[11:22:21] INFO  CTRL    +1 vehicle(s) NORTH (queue=2)
[11:22:25] INFO  CTRL    +2 vehicle(s) NORTH (queue=2)
[11:22:26] INFO  CTRL    Pedestrian WALK closed
[11:22:26] INFO  CTRL    Phase -> NS-YELLOW (duration=3s)
[11:22:26] INFO  CTRL    TIMING: yellow phase started — must last exactly 3s
[11:22:26] INFO  NORTH   Light GREEN -> YELLOW
[11:22:26] INFO  SOUTH   Light GREEN -> YELLOW
[11:22:27] INFO  CTRL    +1 vehicle(s) SOUTH (queue=1)
[11:22:27] INFO  CTRL    +2 vehicle(s) EAST (queue=5)
[11:22:29] INFO  CTRL    +2 vehicle(s) EAST (queue=7)
[11:22:30] INFO  CTRL    Phase -> ALL-RED-1 (duration=2s)
[11:22:30] INFO  CTRL    +1 vehicle(s) EAST (queue=8)
[11:22:30] INFO  SOUTH   Light YELLOW -> RED
[11:22:30] INFO  NORTH   Light YELLOW -> RED
[11:22:31] INFO  CTRL    +1 vehicle(s) SOUTH (queue=2)
[11:22:31] WARN  GUI     TICKET: red-light runner from WEST, plate VU-3253
[11:22:32] INFO  WEST    Light RED -> YELLOW
[11:22:32] INFO  EAST    Light RED -> YELLOW
[11:22:35] INFO  CTRL    Phase -> EW-GREEN (duration=10s)
[11:22:35] INFO  CTRL    Pedestrian WALK: NORTH/SOUTH crosswalks (synchronized with perpendicular vehicle green)
[11:22:35] INFO  CTRL    +1 vehicle(s) EAST (queue=9)
[11:22:35] WARN  CTRL    TICKET: red-light violation from WEST, plate VU-3253
[11:22:35] INFO  CTRL    +2 vehicle(s) WEST (queue=6)
[11:22:35] INFO  CTRL    +1 vehicle(s) NORTH (queue=3)
[11:22:35] WARN  CTRL    TICKET: freezing simulation until chase ends
[11:22:35] INFO  EAST    Light YELLOW -> GREEN
[11:22:35] INFO  WEST    Light YELLOW -> GREEN
[11:22:36] INFO  GUI     TICKET: police caught plate VU-3253
[11:22:36] WARN  CTRL    TICKET: chase complete, resuming normal operation
[11:22:36] INFO  CTRL    +1 vehicle(s) SOUTH (queue=3)
[11:22:36] INFO  CTRL    +1 vehicle(s) EAST (queue=9)
[11:22:37] INFO  CTRL    +2 vehicle(s) WEST (queue=6)
[11:22:38] INFO  CTRL    +1 vehicle(s) SOUTH (queue=4)
[11:22:39] INFO  CTRL    +2 vehicle(s) SOUTH (queue=6)
[11:22:40] INFO  CTRL    +2 vehicle(s) EAST (queue=7)
===== System stopped =====


===== System started =====
[11:25:23] INFO  SOUTH   Light process started (pid=361814)
[11:25:23] INFO  EAST    Light process started (pid=361815)
[11:25:23] INFO  NORTH   Light process started (pid=361813)
[11:25:23] INFO  WEST    Light process started (pid=361816)
[11:25:23] INFO  CTRL    Controller process started (pid=361817)
[11:25:23] INFO  CTRL    Phase -> ALL-RED-1 (duration=2s)
[11:25:23] INFO  EMERG   Emergency generator started (pid=361820)
[11:25:23] INFO  PEDEST  Pedestrian generator started (pid=361819)
[11:25:23] INFO  VEHICLE Vehicle detector started (pid=361818)
[11:25:24] INFO  GUI     OpenGL GUI attached
[11:25:24] INFO  CTRL    Pedestrian request from NORTH
[11:25:24] INFO  CTRL    +1 vehicle(s) SOUTH (queue=1)
[11:25:25] INFO  SOUTH   Light RED -> YELLOW
[11:25:25] INFO  NORTH   Light RED -> YELLOW
[11:25:28] INFO  CTRL    Phase -> NS-GREEN (duration=9s)
[11:25:28] INFO  CTRL    +2 vehicle(s) NORTH (queue=2)
[11:25:28] INFO  CTRL    +1 vehicle(s) SOUTH (queue=2)
[11:25:28] INFO  CTRL    Pedestrian request from EAST
[11:25:28] INFO  SOUTH   Light YELLOW -> GREEN
[11:25:28] INFO  NORTH   Light YELLOW -> GREEN
[11:25:30] INFO  CTRL    +2 vehicle(s) NORTH (queue=2)
[11:25:30] INFO  CTRL    +1 vehicle(s) SOUTH (queue=1)
[11:25:31] INFO  CTRL    +1 vehicle(s) EAST (queue=1)
[11:25:31] INFO  CTRL    Pedestrian request from WEST
[11:25:33] INFO  CTRL    +2 vehicle(s) SOUTH (queue=2)
[11:25:34] INFO  CTRL    +2 vehicle(s) NORTH (queue=2)
[11:25:34] INFO  CTRL    +2 vehicle(s) WEST (queue=2)
[11:25:35] INFO  CTRL    +2 vehicle(s) WEST (queue=4)
[11:25:37] INFO  CTRL    Pedestrian WALK closed
[11:25:37] INFO  CTRL    Phase -> NS-YELLOW (duration=3s)
[11:25:37] INFO  CTRL    TIMING: yellow phase started — must last exactly 3s
[11:25:37] INFO  SOUTH   Light GREEN -> YELLOW
[11:25:37] INFO  NORTH   Light GREEN -> YELLOW
[11:25:39] INFO  CTRL    +2 vehicle(s) NORTH (queue=2)
[11:25:40] INFO  CTRL    Phase -> ALL-RED-1 (duration=2s)
[11:25:40] INFO  CTRL    +2 vehicle(s) EAST (queue=3)
[11:25:40] INFO  CTRL    +1 vehicle(s) WEST (queue=5)
[11:25:40] INFO  SOUTH   Light YELLOW -> RED
[11:25:40] INFO  NORTH   Light YELLOW -> RED
[11:25:41] INFO  CTRL    Pedestrian request from SOUTH
[11:25:42] INFO  WEST    Light RED -> YELLOW
[11:25:42] INFO  EAST    Light RED -> YELLOW
[11:25:45] INFO  CTRL    Phase -> EW-GREEN (duration=10s)
[11:25:45] INFO  CTRL    Pedestrian WALK: NORTH/SOUTH crosswalks (synchronized with perpendicular vehicle green)
[11:25:45] INFO  CTRL    +2 vehicle(s) EAST (queue=5)
[11:25:45] INFO  EAST    Light YELLOW -> GREEN
[11:25:45] INFO  WEST    Light YELLOW -> GREEN
[11:25:46] INFO  CTRL    +2 vehicle(s) SOUTH (queue=2)
[11:25:47] INFO  CTRL    +2 vehicle(s) SOUTH (queue=4)
[11:25:49] INFO  CTRL    +1 vehicle(s) SOUTH (queue=5)
[11:25:51] INFO  CTRL    +2 vehicle(s) NORTH (queue=4)
[11:25:53] INFO  CTRL    +1 vehicle(s) EAST (queue=1)
[11:25:55] INFO  CTRL    Pedestrian WALK closed
[11:25:55] INFO  CTRL    Phase -> EW-YELLOW (duration=3s)
[11:25:55] INFO  CTRL    TIMING: yellow phase started — must last exactly 3s
[11:25:55] INFO  CTRL    Pedestrian request from SOUTH
[11:25:55] INFO  CTRL    +1 vehicle(s) SOUTH (queue=6)
[11:25:55] INFO  EAST    Light GREEN -> YELLOW
[11:25:55] INFO  WEST    Light GREEN -> YELLOW
[11:25:56] INFO  CTRL    Pedestrian request from NORTH
[11:25:56] INFO  CTRL    +2 vehicle(s) EAST (queue=2)
[11:25:57] INFO  CTRL    +1 vehicle(s) WEST (queue=1)
[11:25:58] INFO  CTRL    Phase -> ALL-RED-2 (duration=2s)
[11:25:58] INFO  WEST    Light YELLOW -> RED
[11:25:58] INFO  EAST    Light YELLOW -> RED
[11:25:59] INFO  CTRL    +1 vehicle(s) SOUTH (queue=7)
[11:25:59] INFO  CTRL    +1 vehicle(s) EAST (queue=3)
[11:26:00] INFO  NORTH   Light RED -> YELLOW
[11:26:00] INFO  SOUTH   Light RED -> YELLOW
[11:26:03] INFO  CTRL    Phase -> NS-GREEN (duration=10s)
[11:26:03] INFO  CTRL    Pedestrian WALK: EAST/WEST crosswalks (synchronized with perpendicular vehicle green)
[11:26:03] INFO  CTRL    +1 vehicle(s) SOUTH (queue=8)
[11:26:03] INFO  CTRL    +1 vehicle(s) EAST (queue=4)
[11:26:03] INFO  CTRL    +2 vehicle(s) EAST (queue=6)
[11:26:03] INFO  CTRL    +1 vehicle(s) WEST (queue=2)
[11:26:03] INFO  CTRL    +2 vehicle(s) EAST (queue=8)
[11:26:03] INFO  SOUTH   Light YELLOW -> GREEN
[11:26:03] INFO  NORTH   Light YELLOW -> GREEN
[11:26:04] WARN  GUI     TICKET: red-light runner from WEST (was queued at RED), plate WI-1958
[11:26:04] INFO  CTRL    Pedestrian request from EAST
[11:26:04] WARN  CTRL    TICKET: red-light violation from WEST, plate WI-1958
[11:26:04] WARN  CTRL    TICKET: freezing simulation until chase ends
[11:26:05] INFO  CTRL    +2 vehicle(s) SOUTH (queue=8)
[11:26:05] INFO  CTRL    +2 vehicle(s) WEST (queue=3)
[11:26:06] INFO  CTRL    +2 vehicle(s) NORTH (queue=4)
[11:26:07] INFO  CTRL    +1 vehicle(s) NORTH (queue=5)
[11:26:07] INFO  CTRL    +2 vehicle(s) EAST (queue=10)
[11:26:08] INFO  CTRL    +1 vehicle(s) EAST (queue=11)
[11:26:11] INFO  CTRL    +2 vehicle(s) WEST (queue=5)
[11:26:12] INFO  CTRL    +2 vehicle(s) NORTH (queue=7)
[11:26:13] INFO  CTRL    +2 vehicle(s) WEST (queue=7)
[11:26:14] INFO  CTRL    +1 vehicle(s) SOUTH (queue=9)
[11:26:15] INFO  CTRL    +1 vehicle(s) NORTH (queue=8)
[11:26:20] INFO  CTRL    +2 vehicle(s) EAST (queue=13)
[11:26:20] INFO  CTRL    +2 vehicle(s) WEST (queue=9)
[11:26:20] INFO  GUI     TICKET: police caught plate WI-1958
[11:26:20] WARN  CTRL    TICKET: chase complete, resuming normal operation
[11:26:22] INFO  CTRL    +2 vehicle(s) SOUTH (queue=11)
[11:26:22] INFO  CTRL    +1 vehicle(s) WEST (queue=10)
[11:26:23] INFO  CTRL    +2 vehicle(s) SOUTH (queue=12)
[11:26:24] INFO  CTRL    Pedestrian request from WEST
[11:26:24] INFO  CTRL    +1 vehicle(s) SOUTH (queue=12)
[11:26:25] INFO  CTRL    +1 vehicle(s) SOUTH (queue=12)
[11:26:26] INFO  CTRL    +2 vehicle(s) WEST (queue=12)
[11:26:29] INFO  CTRL    +1 vehicle(s) EAST (queue=14)
===== System stopped =====


===== System started =====
[11:28:25] INFO  SOUTH   Light process started (pid=362694)
[11:28:25] INFO  NORTH   Light process started (pid=362693)
[11:28:25] INFO  EAST    Light process started (pid=362695)
[11:28:25] INFO  WEST    Light process started (pid=362696)
[11:28:25] INFO  CTRL    Controller process started (pid=362697)
[11:28:25] INFO  CTRL    Phase -> ALL-RED-1 (duration=2s)
[11:28:25] INFO  PEDEST  Pedestrian generator started (pid=362699)
[11:28:25] INFO  VEHICLE Vehicle detector started (pid=362698)
[11:28:25] INFO  EMERG   Emergency generator started (pid=362700)
[11:28:25] INFO  GUI     OpenGL GUI attached
[11:28:27] INFO  NORTH   Light RED -> YELLOW
[11:28:27] INFO  SOUTH   Light RED -> YELLOW
[11:28:30] INFO  CTRL    Phase -> NS-GREEN (duration=8s)
[11:28:30] INFO  CTRL    +1 vehicle(s) NORTH (queue=1)
[11:28:30] INFO  CTRL    +2 vehicle(s) WEST (queue=2)
[11:28:30] INFO  CTRL    Pedestrian request from WEST
[11:28:30] INFO  CTRL    +1 vehicle(s) NORTH (queue=2)
[11:28:30] INFO  CTRL    +1 vehicle(s) NORTH (queue=3)
[11:28:30] INFO  CTRL    +2 vehicle(s) NORTH (queue=5)
[11:28:30] INFO  SOUTH   Light YELLOW -> GREEN
[11:28:30] INFO  NORTH   Light YELLOW -> GREEN
[11:28:30] INFO  CTRL    +2 vehicle(s) NORTH (queue=6)
[11:28:31] INFO  CTRL    +1 vehicle(s) NORTH (queue=6)
[11:28:31] INFO  CTRL    +1 vehicle(s) EAST (queue=1)
[11:28:32] INFO  CTRL    +1 vehicle(s) SOUTH (queue=1)
[11:28:33] INFO  CTRL    +2 vehicle(s) SOUTH (queue=2)
[11:28:35] INFO  CTRL    Pedestrian request from SOUTH
[11:28:35] WARN  GUI     TICKET: red-light runner from WEST (was queued at RED), plate GY-6764
[11:28:36] WARN  CTRL    TICKET: red-light violation from WEST, plate GY-6764
[11:28:36] INFO  CTRL    +2 vehicle(s) NORTH (queue=5)
[11:28:36] INFO  CTRL    +1 vehicle(s) WEST (queue=2)
[11:28:36] WARN  CTRL    TICKET: freezing simulation until chase ends
[11:28:39] INFO  CTRL    +2 vehicle(s) NORTH (queue=6)
[11:28:39] INFO  CTRL    +2 vehicle(s) WEST (queue=4)
[11:28:39] INFO  CTRL    Pedestrian request from NORTH
[11:28:40] INFO  CTRL    +2 vehicle(s) NORTH (queue=8)
[11:28:40] INFO  CTRL    +1 vehicle(s) EAST (queue=2)
[11:28:40] INFO  CTRL    Pedestrian request from EAST
[11:28:42] INFO  CTRL    +2 vehicle(s) NORTH (queue=10)
[11:28:42] INFO  CTRL    +2 vehicle(s) SOUTH (queue=2)
[11:28:44] INFO  CTRL    +1 vehicle(s) EAST (queue=3)
[11:28:45] INFO  CTRL    +2 vehicle(s) SOUTH (queue=4)
[11:28:46] INFO  CTRL    +2 vehicle(s) SOUTH (queue=6)
[11:28:47] INFO  CTRL    +1 vehicle(s) EAST (queue=4)
[11:28:48] INFO  CTRL    +1 vehicle(s) NORTH (queue=11)
[11:28:49] INFO  CTRL    +1 vehicle(s) EAST (queue=5)
[11:28:49] INFO  CTRL    +2 vehicle(s) WEST (queue=6)
[11:28:50] INFO  CTRL    +2 vehicle(s) NORTH (queue=13)
[11:28:50] INFO  CTRL    +1 vehicle(s) SOUTH (queue=7)
[11:28:50] INFO  CTRL    +1 vehicle(s) EAST (queue=6)
[11:28:51] INFO  CTRL    +1 vehicle(s) SOUTH (queue=8)
[11:28:52] INFO  GUI     TICKET: police caught plate GY-6764
[11:28:52] WARN  CTRL    TICKET: chase complete, resuming normal operation
[11:28:52] INFO  CTRL    +2 vehicle(s) NORTH (queue=15)
[11:28:53] INFO  CTRL    +2 vehicle(s) SOUTH (queue=9)
[11:28:54] INFO  CTRL    Pedestrian WALK closed
[11:28:54] INFO  CTRL    Phase -> NS-YELLOW (duration=3s)
[11:28:54] INFO  CTRL    TIMING: yellow phase started — must last exactly 3s
[11:28:54] INFO  NORTH   Light GREEN -> YELLOW
[11:28:54] INFO  SOUTH   Light GREEN -> YELLOW
[11:28:55] INFO  CTRL    +1 vehicle(s) WEST (queue=7)
[11:28:56] INFO  GUI     Injected emergency event for NORTH
[11:28:56] WARN  CTRL    EMERGENCY vehicle from NORTH
[11:28:56] WARN  CTRL    EMERGENCY priority for NORTH — clearing intersection
[11:28:56] INFO  CTRL    Pedestrian WALK closed
[11:28:57] INFO  SOUTH   Light YELLOW -> RED
[11:28:57] INFO  NORTH   Light YELLOW -> RED
[11:28:57] INFO  SOUTH   Light RED -> YELLOW
[11:28:58] INFO  CTRL    Phase -> EMERGENCY (duration=8s)
[11:28:58] INFO  CTRL    +1 vehicle(s) SOUTH (queue=10)
[11:28:58] INFO  CTRL    +1 vehicle(s) EAST (queue=7)
[11:28:58] INFO  SOUTH   Light YELLOW -> GREEN
[11:29:00] INFO  CTRL    +2 vehicle(s) NORTH (queue=16)
[11:29:00] INFO  CTRL    +2 vehicle(s) EAST (queue=9)
[11:29:02] INFO  CTRL    +1 vehicle(s) WEST (queue=8)
[11:29:04] INFO  CTRL    +1 vehicle(s) NORTH (queue=17)
[11:29:04] INFO  CTRL    +2 vehicle(s) WEST (queue=10)
[11:29:05] INFO  CTRL    +2 vehicle(s) NORTH (queue=19)
[11:29:05] INFO  CTRL    +2 vehicle(s) EAST (queue=11)
[11:29:06] INFO  CTRL    +2 vehicle(s) NORTH (queue=21)
[11:29:12] INFO  CTRL    +1 vehicle(s) EAST (queue=12)
[11:29:14] INFO  CTRL    +1 vehicle(s) NORTH (queue=22)
[11:29:14] INFO  CTRL    +2 vehicle(s) WEST (queue=12)
[11:29:14] INFO  SOUTH   Light GREEN -> YELLOW
[11:29:14] INFO  SOUTH   Light YELLOW -> RED
[11:29:15] WARN  CTRL    EMERGENCY cleared
[11:29:15] INFO  CTRL    Phase -> ALL-RED-1 (duration=2s)
[11:29:15] INFO  CTRL    +2 vehicle(s) WEST (queue=14)
[11:29:16] INFO  CTRL    +1 vehicle(s) SOUTH (queue=11)
[11:29:17] INFO  SOUTH   Light RED -> YELLOW
[11:29:17] INFO  NORTH   Light RED -> YELLOW
[11:29:20] INFO  CTRL    Phase -> NS-GREEN (duration=10s)
[11:29:20] INFO  CTRL    Pedestrian WALK: EAST/WEST crosswalks (synchronized with perpendicular vehicle green)
[11:29:20] INFO  CTRL    +2 vehicle(s) NORTH (queue=24)
[11:29:20] INFO  CTRL    +1 vehicle(s) WEST (queue=15)
[11:29:20] INFO  CTRL    +2 vehicle(s) SOUTH (queue=13)
[11:29:20] INFO  CTRL    +1 vehicle(s) SOUTH (queue=14)
[11:29:20] INFO  SOUTH   Light YELLOW -> GREEN
[11:29:20] INFO  NORTH   Light YELLOW -> GREEN
[11:29:21] INFO  CTRL    +1 vehicle(s) WEST (queue=16)
[11:29:22] INFO  CTRL    +1 vehicle(s) EAST (queue=13)
[11:29:23] INFO  CTRL    Pedestrian request from WEST
[11:29:23] INFO  CTRL    +1 vehicle(s) EAST (queue=14)
[11:29:24] INFO  CTRL    Pedestrian request from EAST
[11:29:25] INFO  CTRL    +2 vehicle(s) NORTH (queue=21)
[11:29:25] INFO  CTRL    +2 vehicle(s) WEST (queue=18)
[11:29:26] INFO  CTRL    +1 vehicle(s) NORTH (queue=21)
[11:29:26] INFO  CTRL    +2 vehicle(s) EAST (queue=16)
[11:29:26] INFO  CTRL    +1 vehicle(s) WEST (queue=19)
[11:29:27] INFO  CTRL    +2 vehicle(s) NORTH (queue=22)
[11:29:27] INFO  CTRL    +1 vehicle(s) EAST (queue=17)
[11:29:27] INFO  CTRL    +1 vehicle(s) WEST (queue=20)
[11:29:28] INFO  CTRL    +2 vehicle(s) NORTH (queue=23)
[11:29:28] INFO  CTRL    +1 vehicle(s) EAST (queue=18)
[11:29:28] WARN  CTRL    TIMING VIOLATION: pedestrian waited > 45s — cutting NS-GREEN short
[11:29:28] INFO  CTRL    Pedestrian WALK closed
[11:29:28] INFO  CTRL    Phase -> NS-YELLOW (duration=3s)
[11:29:28] INFO  CTRL    TIMING: yellow phase started — must last exactly 3s
[11:29:28] INFO  SOUTH   Light GREEN -> YELLOW
[11:29:28] INFO  NORTH   Light GREEN -> YELLOW
[11:29:29] INFO  CTRL    +2 vehicle(s) EAST (queue=20)
[11:29:30] INFO  CTRL    +1 vehicle(s) WEST (queue=21)
[11:29:31] INFO  CTRL    Phase -> ALL-RED-1 (duration=2s)
[11:29:31] INFO  CTRL    +2 vehicle(s) NORTH (queue=24)
[11:29:31] INFO  CTRL    +2 vehicle(s) SOUTH (queue=7)
[11:29:31] INFO  SOUTH   Light YELLOW -> RED
[11:29:31] INFO  NORTH   Light YELLOW -> RED
[11:29:32] INFO  CTRL    +2 vehicle(s) SOUTH (queue=9)
[11:29:32] INFO  CTRL    +2 vehicle(s) EAST (queue=22)
===== System stopped =====


===== System started =====
[11:34:22] INFO  SOUTH   Light process started (pid=364170)
[11:34:22] INFO  NORTH   Light process started (pid=364169)
[11:34:22] INFO  EAST    Light process started (pid=364171)
[11:34:22] INFO  WEST    Light process started (pid=364172)
[11:34:22] INFO  CTRL    Controller process started (pid=364173)
[11:34:22] INFO  CTRL    Phase -> ALL-RED-1 (duration=2s)
[11:34:22] INFO  VEHICLE Vehicle detector started (pid=364174)
[11:34:22] INFO  PEDEST  Pedestrian generator started (pid=364175)
[11:34:22] INFO  EMERG   Emergency generator started (pid=364176)
[11:34:23] INFO  GUI     OpenGL GUI attached
[11:34:23] INFO  CTRL    Pedestrian request from NORTH
[11:34:24] INFO  SOUTH   Light RED -> YELLOW
[11:34:24] INFO  NORTH   Light RED -> YELLOW
[11:34:27] INFO  CTRL    Phase -> NS-GREEN (duration=8s)
[11:34:27] INFO  CTRL    +1 vehicle(s) NORTH (queue=1)
[11:34:27] INFO  CTRL    +2 vehicle(s) NORTH (queue=3)
[11:34:27] INFO  CTRL    +2 vehicle(s) SOUTH (queue=2)
[11:34:27] INFO  SOUTH   Light YELLOW -> GREEN
[11:34:27] INFO  NORTH   Light YELLOW -> GREEN
[11:34:28] INFO  CTRL    +1 vehicle(s) WEST (queue=1)
[11:34:28] INFO  CTRL    Pedestrian request from SOUTH
[11:34:31] INFO  CTRL    +2 vehicle(s) WEST (queue=3)
[11:34:32] INFO  CTRL    +2 vehicle(s) NORTH (queue=2)
[11:34:32] INFO  CTRL    +2 vehicle(s) SOUTH (queue=2)
[11:34:32] INFO  CTRL    +2 vehicle(s) EAST (queue=2)
[11:34:33] INFO  CTRL    +2 vehicle(s) SOUTH (queue=3)
[11:34:33] INFO  CTRL    +2 vehicle(s) EAST (queue=4)
[11:34:34] INFO  CTRL    +1 vehicle(s) EAST (queue=5)
[11:34:35] INFO  CTRL    Pedestrian WALK closed
[11:34:35] INFO  CTRL    Phase -> NS-YELLOW (duration=3s)
[11:34:35] INFO  CTRL    TIMING: yellow phase started — must last exactly 3s
[11:34:35] INFO  SOUTH   Light GREEN -> YELLOW
[11:34:36] INFO  NORTH   Light GREEN -> YELLOW
[11:34:36] INFO  CTRL    Pedestrian request from WEST
[11:34:37] INFO  CTRL    +2 vehicle(s) NORTH (queue=2)
[11:34:37] INFO  CTRL    +1 vehicle(s) WEST (queue=4)
[11:34:38] INFO  CTRL    Phase -> ALL-RED-1 (duration=2s)
[11:34:38] INFO  CTRL    Pedestrian request from EAST
[11:34:38] INFO  SOUTH   Light YELLOW -> RED
[11:34:39] INFO  NORTH   Light YELLOW -> RED
[11:34:42] INFO  EAST    Light RED -> YELLOW
[11:34:42] INFO  WEST    Light RED -> YELLOW
[11:34:45] INFO  CTRL    Phase -> EW-GREEN (duration=10s)
[11:34:45] INFO  CTRL    Pedestrian WALK: NORTH/SOUTH crosswalks (synchronized with perpendicular vehicle green)
[11:34:45] INFO  CTRL    +2 vehicle(s) EAST (queue=7)
[11:34:45] INFO  CTRL    +1 vehicle(s) WEST (queue=5)
[11:34:45] INFO  CTRL    +2 vehicle(s) WEST (queue=7)
[11:34:45] INFO  CTRL    +2 vehicle(s) SOUTH (queue=3)
[11:34:45] INFO  CTRL    +1 vehicle(s) WEST (queue=8)
[11:34:45] INFO  CTRL    Pedestrian request from NORTH
[11:34:45] INFO  WEST    Light YELLOW -> GREEN
[11:34:45] INFO  EAST    Light YELLOW -> GREEN
[11:34:46] INFO  CTRL    +1 vehicle(s) NORTH (queue=3)
[11:34:46] INFO  CTRL    +2 vehicle(s) EAST (queue=8)
[11:34:46] INFO  CTRL    +1 vehicle(s) WEST (queue=8)
[11:34:48] INFO  CTRL    +2 vehicle(s) NORTH (queue=5)
[11:34:48] INFO  CTRL    Pedestrian request from SOUTH
[11:34:49] INFO  CTRL    +1 vehicle(s) SOUTH (queue=4)
[11:34:50] INFO  CTRL    +1 vehicle(s) EAST (queue=5)
[11:34:51] INFO  CTRL    +2 vehicle(s) NORTH (queue=7)
[11:34:53] INFO  CTRL    +2 vehicle(s) EAST (queue=4)
[11:34:53] INFO  CTRL    +1 vehicle(s) WEST (queue=2)
[11:34:54] INFO  CTRL    +2 vehicle(s) NORTH (queue=9)
[11:34:54] INFO  CTRL    +2 vehicle(s) EAST (queue=5)
[11:34:54] INFO  CTRL    +1 vehicle(s) WEST (queue=2)
[11:34:54] INFO  CTRL    Pedestrian WALK closed
[11:34:55] INFO  CTRL    Pedestrian WALK closed
[11:34:55] INFO  CTRL    Phase -> EW-YELLOW (duration=3s)
[11:34:55] INFO  CTRL    TIMING: yellow phase started — must last exactly 3s
[11:34:55] INFO  EAST    Light GREEN -> YELLOW
[11:34:55] INFO  WEST    Light GREEN -> YELLOW
[11:34:58] INFO  CTRL    Phase -> ALL-RED-2 (duration=2s)
[11:34:58] INFO  CTRL    +2 vehicle(s) NORTH (queue=11)
[11:34:58] INFO  CTRL    +2 vehicle(s) WEST (queue=3)
[11:34:58] INFO  WEST    Light YELLOW -> RED
[11:34:58] INFO  EAST    Light YELLOW -> RED
[11:34:59] INFO  CTRL    +1 vehicle(s) SOUTH (queue=5)
[11:35:00] INFO  NORTH   Light RED -> YELLOW
[11:35:00] INFO  SOUTH   Light RED -> YELLOW
[11:35:03] INFO  CTRL    Phase -> NS-GREEN (duration=10s)
[11:35:03] INFO  CTRL    Pedestrian WALK: EAST/WEST crosswalks (synchronized with perpendicular vehicle green)
[11:35:03] INFO  CTRL    +1 vehicle(s) SOUTH (queue=6)
[11:35:03] INFO  CTRL    +2 vehicle(s) WEST (queue=5)
[11:35:03] INFO  CTRL    +1 vehicle(s) NORTH (queue=12)
[11:35:03] INFO  CTRL    +2 vehicle(s) SOUTH (queue=8)
[11:35:03] INFO  CTRL    +2 vehicle(s) EAST (queue=6)
[11:35:03] INFO  CTRL    +1 vehicle(s) NORTH (queue=13)
[11:35:03] INFO  CTRL    +2 vehicle(s) SOUTH (queue=10)
[11:35:03] INFO  NORTH   Light YELLOW -> GREEN
[11:35:03] INFO  SOUTH   Light YELLOW -> GREEN
[11:35:04] INFO  CTRL    +2 vehicle(s) NORTH (queue=13)
[11:35:05] WARN  GUI     TICKET: red-light runner from WEST (was queued at RED), plate GH-3089
[11:35:05] WARN  CTRL    TICKET: red-light violation from WEST, plate GH-3089
[11:35:05] INFO  CTRL    +2 vehicle(s) SOUTH (queue=9)
[11:35:05] INFO  CTRL    +1 vehicle(s) EAST (queue=7)
[11:35:06] WARN  CTRL    TICKET: freezing simulation until chase ends
[11:35:06] INFO  CTRL    +2 vehicle(s) EAST (queue=9)
[11:35:06] INFO  CTRL    +2 vehicle(s) WEST (queue=6)
[11:35:07] INFO  CTRL    +2 vehicle(s) EAST (queue=11)
[11:35:07] INFO  CTRL    Pedestrian request from WEST
[11:35:10] INFO  WEST    Light process exiting
===== System stopped =====


===== System started =====
[11:38:07] INFO  SOUTH   Light process started (pid=365203)
[11:38:07] INFO  NORTH   Light process started (pid=365202)
[11:38:07] INFO  WEST    Light process started (pid=365205)
[11:38:07] INFO  VEHICLE Vehicle detector started (pid=365207)
[11:38:07] INFO  CTRL    Controller process started (pid=365206)
[11:38:07] INFO  CTRL    Phase -> ALL-RED-1 (duration=2s)
[11:38:07] INFO  CTRL    +2 vehicle(s) NORTH (queue=2)
[11:38:07] INFO  PEDEST  Pedestrian generator started (pid=365208)
[11:38:07] INFO  EAST    Light process started (pid=365204)
[11:38:07] INFO  EMERG   Emergency generator started (pid=365209)
[11:38:07] INFO  GUI     OpenGL GUI attached
[11:38:09] INFO  SOUTH   Light RED -> YELLOW
[11:38:09] INFO  NORTH   Light RED -> YELLOW
[11:38:12] INFO  CTRL    Phase -> NS-GREEN (duration=10s)
[11:38:12] INFO  CTRL    Pedestrian request from SOUTH
[11:38:12] INFO  CTRL    +2 vehicle(s) NORTH (queue=4)
[11:38:12] INFO  CTRL    +1 vehicle(s) EAST (queue=1)
[11:38:12] INFO  CTRL    Pedestrian request from NORTH
[11:38:12] INFO  CTRL    Pedestrian request from WEST
[11:38:12] INFO  CTRL    +2 vehicle(s) WEST (queue=2)
[11:38:12] INFO  NORTH   Light YELLOW -> GREEN
[11:38:12] INFO  SOUTH   Light YELLOW -> GREEN
[11:38:13] INFO  CTRL    +2 vehicle(s) NORTH (queue=5)
[11:38:14] INFO  CTRL    +1 vehicle(s) WEST (queue=3)
[11:38:15] INFO  CTRL    +2 vehicle(s) SOUTH (queue=2)
[11:38:16] INFO  CTRL    Pedestrian request from EAST
[11:38:17] INFO  CTRL    +1 vehicle(s) EAST (queue=2)
[11:38:19] INFO  CTRL    +1 vehicle(s) EAST (queue=3)
[11:38:20] INFO  CTRL    +2 vehicle(s) WEST (queue=5)
[11:38:22] INFO  CTRL    Pedestrian WALK closed
[11:38:22] INFO  CTRL    Phase -> NS-YELLOW (duration=3s)
[11:38:22] INFO  CTRL    TIMING: yellow phase started — must last exactly 3s
[11:38:22] INFO  CTRL    +2 vehicle(s) SOUTH (queue=2)
[11:38:22] INFO  NORTH   Light GREEN -> YELLOW
[11:38:22] INFO  SOUTH   Light GREEN -> YELLOW
[11:38:24] WARN  EMERG   Generated EMERGENCY from NORTH
[11:38:24] WARN  CTRL    EMERGENCY vehicle from NORTH
[11:38:24] WARN  CTRL    EMERGENCY priority for NORTH — clearing intersection
[11:38:24] INFO  CTRL    Pedestrian WALK closed
[11:38:24] INFO  NORTH   Light YELLOW -> RED
[11:38:24] INFO  SOUTH   Light YELLOW -> RED
[11:38:25] INFO  SOUTH   Light RED -> YELLOW
[11:38:25] INFO  CTRL    Phase -> EMERGENCY (duration=8s)
[11:38:25] INFO  CTRL    +1 vehicle(s) EAST (queue=4)
[11:38:25] INFO  SOUTH   Light YELLOW -> GREEN
[11:38:27] INFO  CTRL    +1 vehicle(s) SOUTH (queue=3)
[11:38:27] INFO  CTRL    +1 vehicle(s) EAST (queue=5)
[11:38:28] INFO  CTRL    +2 vehicle(s) WEST (queue=7)
[11:38:29] INFO  CTRL    +2 vehicle(s) NORTH (queue=2)
[11:38:29] INFO  CTRL    +2 vehicle(s) SOUTH (queue=5)
[11:38:30] INFO  CTRL    +2 vehicle(s) EAST (queue=7)
[11:38:30] INFO  CTRL    +2 vehicle(s) WEST (queue=9)
[11:38:31] INFO  CTRL    +2 vehicle(s) SOUTH (queue=7)
[11:38:31] INFO  CTRL    +1 vehicle(s) WEST (queue=10)
[11:38:32] INFO  CTRL    +1 vehicle(s) EAST (queue=8)
[11:38:35] INFO  CTRL    +2 vehicle(s) EAST (queue=10)
[11:38:36] INFO  CTRL    +2 vehicle(s) NORTH (queue=4)
[11:38:38] INFO  CTRL    +1 vehicle(s) NORTH (queue=5)
[11:38:39] INFO  CTRL    +1 vehicle(s) NORTH (queue=6)
[11:38:40] INFO  CTRL    +1 vehicle(s) WEST (queue=11)
[11:38:41] INFO  CTRL    +2 vehicle(s) NORTH (queue=8)
[11:38:41] INFO  CTRL    +2 vehicle(s) SOUTH (queue=9)
[11:38:41] INFO  CTRL    +1 vehicle(s) WEST (queue=12)
[11:38:41] INFO  SOUTH   Light GREEN -> YELLOW
[11:38:42] INFO  SOUTH   Light YELLOW -> RED
[11:38:42] WARN  CTRL    EMERGENCY cleared
[11:38:42] INFO  CTRL    Phase -> ALL-RED-1 (duration=2s)
[11:38:42] INFO  CTRL    +1 vehicle(s) NORTH (queue=9)
[11:38:43] INFO  CTRL    +1 vehicle(s) EAST (queue=11)
[11:38:43] INFO  CTRL    +1 vehicle(s) WEST (queue=13)
[11:38:44] INFO  NORTH   Light RED -> YELLOW
[11:38:45] INFO  SOUTH   Light RED -> YELLOW
[11:38:47] INFO  CTRL    Phase -> NS-GREEN (duration=10s)
[11:38:47] INFO  CTRL    Pedestrian WALK: EAST/WEST crosswalks (synchronized with perpendicular vehicle green)
[11:38:47] INFO  CTRL    +2 vehicle(s) WEST (queue=15)
[11:38:47] INFO  CTRL    Pedestrian request from EAST
[11:38:47] INFO  CTRL    +1 vehicle(s) WEST (queue=16)
[11:38:47] INFO  NORTH   Light YELLOW -> GREEN
[11:38:48] INFO  SOUTH   Light YELLOW -> GREEN
[11:38:49] INFO  CTRL    +2 vehicle(s) EAST (queue=13)
[11:38:50] INFO  CTRL    +2 vehicle(s) WEST (queue=18)
[11:38:51] INFO  CTRL    +2 vehicle(s) WEST (queue=20)
[11:38:52] INFO  CTRL    +2 vehicle(s) EAST (queue=15)
[11:38:53] INFO  CTRL    +1 vehicle(s) NORTH (queue=4)
[11:38:53] INFO  CTRL    +2 vehicle(s) SOUTH (queue=5)
[11:38:53] INFO  CTRL    Pedestrian request from WEST
[11:38:54] INFO  CTRL    +2 vehicle(s) EAST (queue=17)
[11:38:55] INFO  CTRL    +1 vehicle(s) NORTH (queue=3)
[11:38:56] INFO  CTRL    +1 vehicle(s) EAST (queue=18)
[11:38:56] INFO  CTRL    Pedestrian WALK closed
[11:38:57] INFO  CTRL    +2 vehicle(s) SOUTH (queue=3)
[11:38:57] INFO  CTRL    Pedestrian WALK closed
[11:38:57] INFO  CTRL    Phase -> NS-YELLOW (duration=3s)
[11:38:57] INFO  CTRL    TIMING: yellow phase started — must last exactly 3s
[11:38:57] INFO  SOUTH   Light GREEN -> YELLOW
[11:38:57] INFO  NORTH   Light GREEN -> YELLOW
[11:39:00] INFO  CTRL    Phase -> ALL-RED-1 (duration=2s)
[11:39:00] INFO  CTRL    +2 vehicle(s) NORTH (queue=3)
[11:39:00] INFO  SOUTH   Light YELLOW -> RED
[11:39:00] INFO  NORTH   Light YELLOW -> RED
[11:39:01] INFO  CTRL    +1 vehicle(s) NORTH (queue=4)
[11:39:02] INFO  WEST    Light RED -> YELLOW
[11:39:02] INFO  EAST    Light RED -> YELLOW
[11:39:05] INFO  CTRL    Phase -> EW-GREEN (duration=10s)
[11:39:05] INFO  CTRL    Pedestrian WALK: NORTH/SOUTH crosswalks (synchronized with perpendicular vehicle green)
[11:39:05] INFO  CTRL    +1 vehicle(s) WEST (queue=21)
[11:39:05] INFO  CTRL    +1 vehicle(s) SOUTH (queue=4)
[11:39:05] INFO  CTRL    Pedestrian request from SOUTH
[11:39:05] INFO  CTRL    +1 vehicle(s) NORTH (queue=5)
[11:39:05] INFO  CTRL    +2 vehicle(s) WEST (queue=23)
[11:39:05] INFO  WEST    Light YELLOW -> GREEN
[11:39:05] INFO  EAST    Light YELLOW -> GREEN
[11:39:06] INFO  CTRL    +2 vehicle(s) NORTH (queue=7)
[11:39:06] INFO  CTRL    Pedestrian request from NORTH
[11:39:11] INFO  CTRL    +2 vehicle(s) WEST (queue=20)
[11:39:13] INFO  CTRL    +2 vehicle(s) EAST (queue=13)
[11:39:13] WARN  GUI     TICKET: red-light runner from NORTH (was queued at RED), plate IR-1242
[11:39:13] WARN  CTRL    TICKET: red-light violation from NORTH, plate IR-1242
[11:39:14] WARN  CTRL    TICKET: freezing simulation until chase ends
[11:39:16] INFO  CTRL    +1 vehicle(s) NORTH (queue=7)
[11:39:17] INFO  CTRL    +1 vehicle(s) SOUTH (queue=5)
[11:39:21] INFO  CTRL    +1 vehicle(s) SOUTH (queue=6)
[11:39:22] INFO  CTRL    +2 vehicle(s) EAST (queue=14)
[11:39:24] INFO  CTRL    +1 vehicle(s) WEST (queue=18)
[11:39:25] INFO  CTRL    +2 vehicle(s) SOUTH (queue=8)
[11:39:26] INFO  CTRL    +1 vehicle(s) WEST (queue=19)
[11:39:27] INFO  CTRL    +1 vehicle(s) EAST (queue=15)
[11:39:27] INFO  CTRL    +1 vehicle(s) WEST (queue=20)
[11:39:30] INFO  GUI     TICKET: police caught plate IR-1242
[11:39:30] WARN  CTRL    TICKET: chase complete, resuming normal operation
[11:39:30] INFO  CTRL    +1 vehicle(s) WEST (queue=21)
[11:39:31] INFO  CTRL    Pedestrian WALK closed
[11:39:31] INFO  CTRL    Phase -> EW-YELLOW (duration=3s)
[11:39:31] INFO  CTRL    TIMING: yellow phase started — must last exactly 3s
[11:39:31] INFO  EAST    Light GREEN -> YELLOW
[11:39:31] INFO  WEST    Light GREEN -> YELLOW
[11:39:32] INFO  CTRL    +2 vehicle(s) EAST (queue=17)
[11:39:33] INFO  CTRL    +2 vehicle(s) SOUTH (queue=10)
===== System stopped =====


===== System started =====
[11:52:11] INFO  NORTH   Light process started (pid=368360)
[11:52:11] INFO  EAST    Light process started (pid=368362)
[11:52:11] INFO  WEST    Light process started (pid=368363)
[11:52:11] INFO  EMERG   Emergency generator started (pid=368367)
[11:52:11] INFO  PEDEST  Pedestrian generator started (pid=368366)
[11:52:11] INFO  CTRL    Controller process started (pid=368364)
[11:52:11] INFO  CTRL    Phase -> ALL-RED-1 (duration=2s)
[11:52:11] INFO  VEHICLE Vehicle detector started (pid=368365)
[11:52:11] INFO  SOUTH   Light process started (pid=368361)
[11:52:11] INFO  GUI     OpenGL GUI attached
[11:52:12] INFO  CTRL    +1 vehicle(s) SOUTH (queue=1)
[11:52:13] INFO  SOUTH   Light RED -> YELLOW
[11:52:13] INFO  NORTH   Light RED -> YELLOW
[11:52:16] INFO  CTRL    Phase -> NS-GREEN (duration=9s)
[11:52:16] INFO  CTRL    +1 vehicle(s) SOUTH (queue=2)
[11:52:16] INFO  CTRL    Pedestrian request from EAST
[11:52:16] INFO  CTRL    +1 vehicle(s) SOUTH (queue=3)
[11:52:16] INFO  CTRL    +2 vehicle(s) WEST (queue=2)
[11:52:16] INFO  CTRL    Pedestrian request from SOUTH
[11:52:16] INFO  CTRL    +2 vehicle(s) EAST (queue=2)
[11:52:16] INFO  SOUTH   Light YELLOW -> GREEN
[11:52:16] INFO  NORTH   Light YELLOW -> GREEN
[11:52:16] INFO  CTRL    +2 vehicle(s) WEST (queue=4)
[11:52:17] INFO  CTRL    Pedestrian request from NORTH
[11:52:17] INFO  CTRL    +2 vehicle(s) WEST (queue=6)
[11:52:18] INFO  CTRL    +1 vehicle(s) SOUTH (queue=2)
[11:52:20] INFO  CTRL    Pedestrian request from WEST
[11:52:20] INFO  CTRL    +1 vehicle(s) SOUTH (queue=1)
[11:52:21] INFO  CTRL    +2 vehicle(s) NORTH (queue=2)
[11:52:23] INFO  CTRL    +2 vehicle(s) SOUTH (queue=2)
[11:52:23] INFO  CTRL    +2 vehicle(s) WEST (queue=8)
[11:52:25] INFO  CTRL    Pedestrian WALK closed
[11:52:25] INFO  CTRL    Phase -> NS-YELLOW (duration=3s)
[11:52:25] INFO  CTRL    TIMING: yellow phase started — must last exactly 3s
[11:52:25] INFO  CTRL    +2 vehicle(s) WEST (queue=10)
[11:52:25] INFO  SOUTH   Light GREEN -> YELLOW
[11:52:25] INFO  NORTH   Light GREEN -> YELLOW
[11:52:26] INFO  CTRL    +1 vehicle(s) NORTH (queue=1)
[11:52:27] INFO  CTRL    +2 vehicle(s) NORTH (queue=3)
[11:52:27] INFO  CTRL    +1 vehicle(s) WEST (queue=11)
[11:52:28] INFO  CTRL    Phase -> ALL-RED-1 (duration=2s)
[11:52:28] INFO  CTRL    +1 vehicle(s) EAST (queue=3)
[11:52:28] INFO  NORTH   Light YELLOW -> RED
[11:52:28] INFO  SOUTH   Light YELLOW -> RED
[11:52:31] INFO  EAST    Light RED -> YELLOW
[11:52:31] INFO  WEST    Light RED -> YELLOW
[11:52:34] INFO  CTRL    Phase -> EW-GREEN (duration=10s)
[11:52:34] INFO  CTRL    Pedestrian WALK: NORTH/SOUTH crosswalks (synchronized with perpendicular vehicle green)
[11:52:34] INFO  CTRL    +1 vehicle(s) SOUTH (queue=1)
[11:52:34] INFO  CTRL    +2 vehicle(s) WEST (queue=13)
[11:52:34] INFO  CTRL    +2 vehicle(s) EAST (queue=5)
[11:52:34] INFO  EAST    Light YELLOW -> GREEN
[11:52:34] INFO  WEST    Light YELLOW -> GREEN
[11:52:36] INFO  CTRL    +1 vehicle(s) SOUTH (queue=2)
[11:52:36] INFO  CTRL    Pedestrian request from SOUTH
[11:52:38] INFO  CTRL    +2 vehicle(s) SOUTH (queue=4)
[11:52:38] INFO  CTRL    +1 vehicle(s) WEST (queue=10)
[11:52:39] INFO  CTRL    +1 vehicle(s) NORTH (queue=4)
[11:52:39] INFO  CTRL    +2 vehicle(s) EAST (queue=2)
[11:52:40] INFO  CTRL    +1 vehicle(s) NORTH (queue=5)
[11:52:40] INFO  CTRL    +2 vehicle(s) EAST (queue=3)
[11:52:41] INFO  CTRL    +1 vehicle(s) SOUTH (queue=5)
[11:52:43] INFO  CTRL    +1 vehicle(s) NORTH (queue=6)
[11:52:43] INFO  CTRL    Pedestrian WALK closed
[11:52:44] INFO  CTRL    Pedestrian WALK closed
[11:52:44] INFO  CTRL    Phase -> EW-YELLOW (duration=3s)
[11:52:44] INFO  CTRL    TIMING: yellow phase started — must last exactly 3s
[11:52:44] INFO  CTRL    +2 vehicle(s) SOUTH (queue=7)
[11:52:44] INFO  WEST    Light GREEN -> YELLOW
[11:52:44] INFO  EAST    Light GREEN -> YELLOW
[11:52:45] INFO  CTRL    +1 vehicle(s) EAST (queue=1)
[11:52:46] WARN  GUI     TICKET: red-light runner from NORTH (was queued at RED), plate UQ-8423
[11:52:47] INFO  CTRL    Phase -> ALL-RED-2 (duration=2s)
[11:52:47] WARN  CTRL    TICKET: red-light violation from NORTH, plate UQ-8423
[11:52:47] INFO  CTRL    +1 vehicle(s) EAST (queue=2)
[11:52:47] INFO  EAST    Light YELLOW -> RED
[11:52:47] INFO  WEST    Light YELLOW -> RED
[11:52:48] INFO  CTRL    +2 vehicle(s) WEST (queue=6)
[11:52:49] WARN  CTRL    TICKET: freezing simulation until chase ends
[11:52:49] INFO  CTRL    Pedestrian request from NORTH
[11:52:49] INFO  CTRL    +1 vehicle(s) NORTH (queue=6)
[11:52:49] INFO  CTRL    +1 vehicle(s) WEST (queue=7)
[11:52:52] INFO  CTRL    +1 vehicle(s) WEST (queue=8)
[11:52:54] INFO  CTRL    +2 vehicle(s) NORTH (queue=8)
[11:52:54] INFO  CTRL    +2 vehicle(s) SOUTH (queue=9)
[11:52:57] INFO  CTRL    +2 vehicle(s) EAST (queue=4)
[11:52:58] INFO  CTRL    +2 vehicle(s) WEST (queue=10)
[11:52:59] INFO  CTRL    +2 vehicle(s) SOUTH (queue=11)
[11:53:01] INFO  CTRL    +2 vehicle(s) NORTH (queue=10)
[11:53:03] INFO  CTRL    +1 vehicle(s) EAST (queue=5)
[11:53:04] INFO  GUI     TICKET: police caught plate UQ-8423
[11:53:04] WARN  CTRL    TICKET: chase complete, resuming normal operation
[11:53:04] INFO  NORTH   Light RED -> YELLOW
[11:53:04] INFO  SOUTH   Light RED -> YELLOW
[11:53:07] INFO  CTRL    Phase -> NS-GREEN (duration=10s)
[11:53:07] INFO  CTRL    Pedestrian WALK: EAST/WEST crosswalks (synchronized with perpendicular vehicle green)
[11:53:07] INFO  CTRL    +2 vehicle(s) NORTH (queue=12)
[11:53:07] INFO  CTRL    +1 vehicle(s) EAST (queue=6)
[11:53:07] INFO  CTRL    +2 vehicle(s) WEST (queue=12)
[11:53:07] INFO  CTRL    Pedestrian request from EAST
[11:53:07] INFO  CTRL    +1 vehicle(s) SOUTH (queue=12)
[11:53:07] INFO  NORTH   Light YELLOW -> GREEN
[11:53:07] INFO  SOUTH   Light YELLOW -> GREEN
[11:53:08] INFO  CTRL    +1 vehicle(s) EAST (queue=7)
[11:53:08] INFO  CTRL    +1 vehicle(s) WEST (queue=13)
[11:53:11] INFO  CTRL    +2 vehicle(s) NORTH (queue=10)
[11:53:11] INFO  CTRL    +2 vehicle(s) SOUTH (queue=10)
[11:53:11] INFO  CTRL    +2 vehicle(s) EAST (queue=9)
[11:53:11] INFO  CTRL    +2 vehicle(s) WEST (queue=15)
[11:53:12] INFO  CTRL    Pedestrian request from WEST
[11:53:16] INFO  CTRL    +1 vehicle(s) EAST (queue=10)
[11:53:16] INFO  CTRL    Pedestrian WALK closed
[11:53:17] INFO  CTRL    Pedestrian WALK closed
[11:53:17] INFO  CTRL    Phase -> NS-YELLOW (duration=3s)
[11:53:17] INFO  CTRL    TIMING: yellow phase started — must last exactly 3s
[11:53:17] INFO  NORTH   Light GREEN -> YELLOW
[11:53:17] INFO  SOUTH   Light GREEN -> YELLOW
[11:53:17] INFO  GUI     Injected emergency event for NORTH
[11:53:18] WARN  CTRL    EMERGENCY vehicle from NORTH
[11:53:18] WARN  CTRL    EMERGENCY priority for NORTH — clearing intersection
[11:53:18] INFO  CTRL    Pedestrian WALK closed
[11:53:19] INFO  NORTH   Light YELLOW -> RED
[11:53:19] INFO  SOUTH   Light YELLOW -> RED
[11:53:19] INFO  SOUTH   Light RED -> YELLOW
[11:53:20] INFO  CTRL    Phase -> EMERGENCY (duration=8s)
[11:53:20] INFO  CTRL    +2 vehicle(s) SOUTH (queue=6)
[11:53:20] INFO  SOUTH   Light YELLOW -> GREEN
[11:53:22] INFO  CTRL    +2 vehicle(s) SOUTH (queue=8)
[11:53:23] INFO  CTRL    +2 vehicle(s) SOUTH (queue=10)
[11:53:23] INFO  CTRL    +2 vehicle(s) EAST (queue=12)
[11:53:23] INFO  CTRL    +2 vehicle(s) WEST (queue=17)
[11:53:24] INFO  CTRL    +2 vehicle(s) EAST (queue=14)
[11:53:25] INFO  CTRL    +1 vehicle(s) EAST (queue=15)
[11:53:26] INFO  CTRL    +2 vehicle(s) NORTH (queue=6)
[11:53:27] INFO  CTRL    +2 vehicle(s) SOUTH (queue=12)
[11:53:29] INFO  CTRL    +2 vehicle(s) SOUTH (queue=14)
[11:53:29] INFO  CTRL    +1 vehicle(s) WEST (queue=18)
[11:53:30] INFO  CTRL    +1 vehicle(s) EAST (queue=16)
[11:53:33] INFO  CTRL    +1 vehicle(s) WEST (queue=19)
[11:53:34] INFO  CTRL    +1 vehicle(s) NORTH (queue=7)
[11:53:35] INFO  CTRL    +2 vehicle(s) NORTH (queue=9)
[11:53:37] INFO  SOUTH   Light GREEN -> YELLOW
[11:53:37] INFO  SOUTH   Light YELLOW -> RED
[11:53:38] WARN  CTRL    EMERGENCY cleared
[11:53:38] INFO  CTRL    Phase -> ALL-RED-1 (duration=2s)
[11:53:38] INFO  CTRL    +2 vehicle(s) SOUTH (queue=16)
[11:53:39] INFO  CTRL    +2 vehicle(s) WEST (queue=21)
[11:53:40] INFO  SOUTH   Light RED -> YELLOW
[11:53:40] INFO  NORTH   Light RED -> YELLOW
[11:53:43] INFO  CTRL    Phase -> NS-GREEN (duration=10s)
[11:53:43] INFO  CTRL    Pedestrian WALK: EAST/WEST crosswalks (synchronized with perpendicular vehicle green)
[11:53:43] INFO  CTRL    Pedestrian request from EAST
[11:53:43] INFO  CTRL    +2 vehicle(s) EAST (queue=18)
[11:53:43] INFO  CTRL    Pedestrian request from WEST
[11:53:43] INFO  CTRL    +2 vehicle(s) SOUTH (queue=18)
[11:53:43] INFO  CTRL    +1 vehicle(s) EAST (queue=19)
[11:53:43] INFO  CTRL    +1 vehicle(s) WEST (queue=22)
[11:53:43] INFO  SOUTH   Light YELLOW -> GREEN
[11:53:43] INFO  NORTH   Light YELLOW -> GREEN
[11:53:43] INFO  CTRL    +1 vehicle(s) SOUTH (queue=18)
[11:53:43] INFO  CTRL    +2 vehicle(s) WEST (queue=24)
[11:53:44] INFO  CTRL    +2 vehicle(s) NORTH (queue=9)
[11:53:44] INFO  CTRL    +1 vehicle(s) WEST (queue=25)
[11:53:45] INFO  CTRL    +2 vehicle(s) NORTH (queue=10)
[11:53:46] INFO  CTRL    +2 vehicle(s) EAST (queue=21)
[11:53:46] INFO  CTRL    +2 vehicle(s) WEST (queue=27)
[11:53:50] INFO  CTRL    +2 vehicle(s) NORTH (queue=7)
[11:53:51] WARN  CTRL    TIMING VIOLATION: pedestrian waited > 45s — cutting NS-GREEN short
[11:53:51] INFO  CTRL    Pedestrian WALK closed
[11:53:51] INFO  CTRL    Phase -> NS-YELLOW (duration=3s)
[11:53:51] INFO  CTRL    TIMING: yellow phase started — must last exactly 3s
[11:53:51] INFO  SOUTH   Light GREEN -> YELLOW
[11:53:51] INFO  NORTH   Light GREEN -> YELLOW
[11:53:53] INFO  CTRL    +2 vehicle(s) NORTH (queue=8)
[11:53:53] INFO  CTRL    +1 vehicle(s) SOUTH (queue=11)
[11:53:54] INFO  CTRL    Phase -> ALL-RED-1 (duration=2s)
[11:53:54] INFO  CTRL    +1 vehicle(s) WEST (queue=28)
[11:53:54] INFO  SOUTH   Light YELLOW -> RED
[11:53:54] INFO  NORTH   Light YELLOW -> RED
[11:53:55] INFO  CTRL    +2 vehicle(s) WEST (queue=30)
[11:53:56] INFO  WEST    Light RED -> YELLOW
[11:53:56] INFO  EAST    Light RED -> YELLOW
[11:53:59] INFO  CTRL    Phase -> EW-GREEN (duration=10s)
[11:53:59] INFO  CTRL    Pedestrian WALK: NORTH/SOUTH crosswalks (synchronized with perpendicular vehicle green)
[11:53:59] INFO  CTRL    +1 vehicle(s) SOUTH (queue=12)
[11:53:59] INFO  CTRL    +1 vehicle(s) EAST (queue=22)
[11:53:59] INFO  CTRL    +1 vehicle(s) WEST (queue=31)
[11:53:59] INFO  CTRL    +2 vehicle(s) NORTH (queue=10)
[11:53:59] INFO  CTRL    +1 vehicle(s) WEST (queue=32)
[11:53:59] INFO  WEST    Light YELLOW -> GREEN
[11:53:59] INFO  EAST    Light YELLOW -> GREEN
[11:53:59] INFO  CTRL    +2 vehicle(s) EAST (queue=23)
[11:54:00] INFO  GUI     Injected emergency event for EAST
[11:54:00] WARN  CTRL    EMERGENCY vehicle from EAST
[11:54:00] INFO  CTRL    Pedestrian WALK closed
[11:54:00] INFO  CTRL    Pedestrian WALK closed
[11:54:00] WARN  CTRL    EMERGENCY priority for EAST — clearing intersection
[11:54:00] INFO  CTRL    Pedestrian WALK closed
[11:54:00] INFO  WEST    Light GREEN -> YELLOW
[11:54:00] INFO  EAST    Light GREEN -> YELLOW
[11:54:00] INFO  EAST    Light YELLOW -> RED
[11:54:00] INFO  WEST    Light YELLOW -> RED
[11:54:01] INFO  EAST    Light RED -> YELLOW
[11:54:01] INFO  CTRL    Phase -> EMERGENCY (duration=8s)
[11:54:01] INFO  EAST    Light YELLOW -> GREEN
[11:54:02] INFO  CTRL    +1 vehicle(s) EAST (queue=24)
[11:54:03] INFO  CTRL    +1 vehicle(s) NORTH (queue=11)
[11:54:04] INFO  CTRL    Pedestrian request from NORTH
[11:54:04] INFO  CTRL    Pedestrian request from SOUTH
[11:54:04] INFO  CTRL    +1 vehicle(s) WEST (queue=32)
[11:54:05] INFO  CTRL    +1 vehicle(s) WEST (queue=33)
[11:54:07] INFO  CTRL    +1 vehicle(s) NORTH (queue=12)
[11:54:09] INFO  CTRL    +2 vehicle(s) SOUTH (queue=14)
[11:54:10] INFO  CTRL    +2 vehicle(s) EAST (queue=26)
[11:54:10] INFO  CTRL    +2 vehicle(s) WEST (queue=35)
[11:54:12] INFO  CTRL    +1 vehicle(s) SOUTH (queue=15)
[11:54:15] INFO  CTRL    +1 vehicle(s) EAST (queue=27)
[11:54:16] INFO  CTRL    +1 vehicle(s) NORTH (queue=13)
[11:54:16] INFO  CTRL    +1 vehicle(s) SOUTH (queue=16)
[11:54:16] INFO  CTRL    +1 vehicle(s) WEST (queue=36)
[11:54:17] INFO  EAST    Light GREEN -> YELLOW
[11:54:18] INFO  EAST    Light YELLOW -> RED
[11:54:18] WARN  CTRL    EMERGENCY cleared
[11:54:18] INFO  CTRL    Phase -> ALL-RED-1 (duration=2s)
[11:54:18] INFO  CTRL    +1 vehicle(s) EAST (queue=28)
[11:54:19] INFO  CTRL    +1 vehicle(s) WEST (queue=37)
[11:54:20] INFO  NORTH   Light RED -> YELLOW
[11:54:20] INFO  SOUTH   Light RED -> YELLOW
[11:54:23] INFO  CTRL    Phase -> NS-GREEN (duration=8s)
[11:54:23] INFO  CTRL    Pedestrian WALK: EAST/WEST crosswalks (synchronized with perpendicular vehicle green)
[11:54:23] INFO  CTRL    +2 vehicle(s) SOUTH (queue=18)
[11:54:23] INFO  CTRL    +2 vehicle(s) WEST (queue=39)
[11:54:23] INFO  SOUTH   Light YELLOW -> GREEN
[11:54:23] INFO  NORTH   Light YELLOW -> GREEN
[11:54:24] INFO  CTRL    +2 vehicle(s) EAST (queue=30)
[11:54:25] INFO  CTRL    Pedestrian request from WEST
[11:54:25] INFO  CTRL    +2 vehicle(s) NORTH (queue=13)
[11:54:26] INFO  CTRL    +2 vehicle(s) EAST (queue=32)
[11:54:27] INFO  CTRL    +1 vehicle(s) EAST (queue=33)
[11:54:31] INFO  CTRL    +1 vehicle(s) EAST (queue=34)
[11:54:31] INFO  CTRL    Pedestrian WALK closed
[11:54:31] INFO  CTRL    Phase -> NS-YELLOW (duration=3s)
[11:54:31] INFO  CTRL    TIMING: yellow phase started — must last exactly 3s
[11:54:31] INFO  NORTH   Light GREEN -> YELLOW
[11:54:31] INFO  SOUTH   Light GREEN -> YELLOW
[11:54:32] INFO  CTRL    +1 vehicle(s) SOUTH (queue=11)
[11:54:33] INFO  CTRL    +2 vehicle(s) SOUTH (queue=13)
[11:54:34] INFO  CTRL    Phase -> ALL-RED-1 (duration=2s)
[11:54:34] INFO  CTRL    +2 vehicle(s) NORTH (queue=9)
[11:54:34] INFO  NORTH   Light YELLOW -> RED
[11:54:34] INFO  SOUTH   Light YELLOW -> RED
[11:54:35] INFO  CTRL    +1 vehicle(s) EAST (queue=35)
[11:54:35] INFO  CTRL    +2 vehicle(s) WEST (queue=41)
[11:54:36] INFO  EAST    Light RED -> YELLOW
[11:54:36] INFO  WEST    Light RED -> YELLOW
[11:54:38] INFO  GUI     Injected vehicle event for SOUTH
[11:54:39] INFO  CTRL    Phase -> EW-GREEN (duration=10s)
[11:54:39] INFO  CTRL    Pedestrian WALK: NORTH/SOUTH crosswalks (synchronized with perpendicular vehicle green)
[11:54:39] INFO  CTRL    +1 vehicle(s) NORTH (queue=10)
[11:54:39] INFO  CTRL    Pedestrian request from EAST
[11:54:39] INFO  CTRL    +1 vehicle(s) SOUTH (queue=14)
[11:54:39] INFO  EAST    Light YELLOW -> GREEN
[11:54:39] INFO  WEST    Light YELLOW -> GREEN
[11:54:40] INFO  GUI     Injected vehicle event for SOUTH
[11:54:40] INFO  CTRL    +1 vehicle(s) SOUTH (queue=15)
[11:54:40] INFO  CTRL    +2 vehicle(s) NORTH (queue=12)
[11:54:44] INFO  GUI     Injected vehicle event for WEST
[11:54:44] INFO  CTRL    +1 vehicle(s) WEST (queue=38)
[11:54:45] INFO  CTRL    +1 vehicle(s) WEST (queue=38)
[11:54:46] INFO  GUI     Injected vehicle event for WEST
[11:54:46] INFO  CTRL    +1 vehicle(s) WEST (queue=38)
[11:54:46] INFO  GUI     Injected vehicle event for WEST
[11:54:46] INFO  CTRL    +1 vehicle(s) WEST (queue=39)
[11:54:46] INFO  CTRL    +1 vehicle(s) NORTH (queue=13)
[11:54:46] INFO  CTRL    +2 vehicle(s) SOUTH (queue=17)
[11:54:47] INFO  GUI     Injected vehicle event for EAST
[11:54:47] INFO  CTRL    +1 vehicle(s) EAST (queue=29)
[11:54:48] INFO  GUI     Injected vehicle event for EAST
[11:54:48] INFO  CTRL    +1 vehicle(s) EAST (queue=29)
[11:54:48] INFO  GUI     Injected vehicle event for WEST
[11:54:48] INFO  CTRL    +1 vehicle(s) WEST (queue=38)
[11:54:49] INFO  GUI     Injected vehicle event for WEST
[11:54:49] INFO  CTRL    +1 vehicle(s) WEST (queue=38)
[11:54:49] INFO  GUI     Injected vehicle event for EAST
[11:54:49] INFO  CTRL    +1 vehicle(s) EAST (queue=29)
[11:54:49] INFO  GUI     Injected vehicle event for EAST
[11:54:49] INFO  CTRL    Pedestrian WALK closed
[11:54:49] INFO  CTRL    Phase -> EW-YELLOW (duration=3s)
[11:54:49] INFO  CTRL    TIMING: yellow phase started — must last exactly 3s
[11:54:49] INFO  CTRL    +1 vehicle(s) EAST (queue=30)
[11:54:50] INFO  WEST    Light GREEN -> YELLOW
[11:54:50] INFO  EAST    Light GREEN -> YELLOW
[11:54:50] INFO  GUI     Injected vehicle event for WEST
[11:54:50] INFO  GUI     Injected vehicle event for WEST
[11:54:50] INFO  CTRL    +1 vehicle(s) WEST (queue=39)
[11:54:50] INFO  CTRL    +1 vehicle(s) WEST (queue=40)
[11:54:51] INFO  GUI     Injected vehicle event for WEST
[11:54:51] INFO  GUI     Injected vehicle event for EAST
[11:54:51] INFO  GUI     Injected vehicle event for EAST
[11:54:52] INFO  CTRL    +1 vehicle(s) WEST (queue=41)
[11:54:52] INFO  CTRL    +1 vehicle(s) EAST (queue=31)
[11:54:52] INFO  CTRL    +1 vehicle(s) EAST (queue=32)
[11:54:52] INFO  CTRL    +1 vehicle(s) SOUTH (queue=18)
[11:54:52] INFO  GUI     Injected vehicle event for EAST
[11:54:52] INFO  GUI     Injected vehicle event for WEST
[11:54:52] INFO  GUI     Injected vehicle event for WEST
[11:54:52] INFO  GUI     Injected vehicle event for WEST
[11:54:52] INFO  GUI     Injected vehicle event for WEST
[11:54:52] INFO  CTRL    Phase -> ALL-RED-2 (duration=2s)
[11:54:52] INFO  CTRL    +1 vehicle(s) EAST (queue=33)
[11:54:52] INFO  CTRL    +1 vehicle(s) WEST (queue=42)
[11:54:52] INFO  CTRL    +1 vehicle(s) WEST (queue=43)
[11:54:52] INFO  CTRL    +1 vehicle(s) WEST (queue=44)
[11:54:52] INFO  CTRL    +1 vehicle(s) WEST (queue=45)
[11:54:53] INFO  GUI     Injected vehicle event for WEST
[11:54:53] INFO  WEST    Light YELLOW -> RED
[11:54:53] INFO  EAST    Light YELLOW -> RED
[11:54:53] INFO  GUI     Injected vehicle event for WEST
[11:54:54] INFO  CTRL    +1 vehicle(s) WEST (queue=46)
[11:54:54] INFO  CTRL    +1 vehicle(s) WEST (queue=47)
[11:54:54] INFO  CTRL    +2 vehicle(s) SOUTH (queue=20)
[11:54:54] INFO  GUI     Injected vehicle event for NORTH
[11:54:54] INFO  GUI     Injected vehicle event for NORTH
[11:54:55] INFO  SOUTH   Light RED -> YELLOW
[11:54:55] INFO  NORTH   Light RED -> YELLOW
[11:54:55] INFO  GUI     Injected vehicle event for NORTH
[11:54:55] INFO  GUI     Injected vehicle event for NORTH
[11:54:56] INFO  GUI     Injected vehicle event for NORTH
[11:54:56] INFO  GUI     Injected vehicle event for NORTH
[11:54:56] INFO  GUI     Injected vehicle event for NORTH
[11:54:56] INFO  GUI     Injected vehicle event for NORTH
[11:54:56] INFO  GUI     Injected vehicle event for NORTH
[11:54:57] INFO  GUI     Injected vehicle event for NORTH
[11:54:57] INFO  GUI     Injected vehicle event for NORTH
[11:54:57] INFO  GUI     Injected vehicle event for NORTH
[11:54:57] INFO  GUI     Injected vehicle event for NORTH
[11:54:57] INFO  GUI     Injected vehicle event for NORTH
[11:54:58] INFO  CTRL    Phase -> NS-GREEN (duration=8s)
[11:54:58] INFO  CTRL    Pedestrian WALK: EAST/WEST crosswalks (synchronized with perpendicular vehicle green)
[11:54:58] INFO  CTRL    +1 vehicle(s) NORTH (queue=14)
[11:54:58] INFO  CTRL    +1 vehicle(s) NORTH (queue=15)
[11:54:58] INFO  CTRL    Pedestrian request from NORTH
[11:54:58] INFO  CTRL    +2 vehicle(s) SOUTH (queue=22)
[11:54:58] INFO  CTRL    +1 vehicle(s) NORTH (queue=16)
[11:54:58] INFO  CTRL    +1 vehicle(s) NORTH (queue=17)
[11:54:58] INFO  CTRL    +1 vehicle(s) NORTH (queue=18)
[11:54:58] INFO  CTRL    +1 vehicle(s) NORTH (queue=19)
[11:54:58] INFO  CTRL    +1 vehicle(s) NORTH (queue=20)
[11:54:58] INFO  CTRL    +1 vehicle(s) NORTH (queue=21)
[11:54:58] INFO  CTRL    Pedestrian request from EAST
[11:54:58] INFO  CTRL    +1 vehicle(s) NORTH (queue=22)
[11:54:58] INFO  CTRL    +1 vehicle(s) EAST (queue=34)
[11:54:58] INFO  CTRL    +1 vehicle(s) NORTH (queue=23)
[11:54:58] INFO  CTRL    +1 vehicle(s) NORTH (queue=24)
[11:54:58] INFO  CTRL    +1 vehicle(s) NORTH (queue=25)
[11:54:58] INFO  CTRL    +1 vehicle(s) NORTH (queue=26)
[11:54:58] INFO  CTRL    +1 vehicle(s) NORTH (queue=27)
[11:54:58] INFO  CTRL    Pedestrian request from WEST
[11:54:58] INFO  CTRL    +1 vehicle(s) NORTH (queue=28)
[11:54:58] INFO  NORTH   Light YELLOW -> GREEN
[11:54:58] INFO  SOUTH   Light YELLOW -> GREEN
[11:54:58] INFO  GUI     Injected vehicle event for NORTH
[11:54:58] INFO  CTRL    +1 vehicle(s) NORTH (queue=28)
[11:54:58] INFO  CTRL    +2 vehicle(s) WEST (queue=49)
[11:54:58] INFO  GUI     Injected vehicle event for NORTH
[11:54:59] INFO  CTRL    +1 vehicle(s) NORTH (queue=29)
[11:54:59] INFO  GUI     Injected vehicle event for NORTH
[11:54:59] INFO  CTRL    +1 vehicle(s) NORTH (queue=29)
[11:54:59] INFO  GUI     Injected vehicle event for NORTH
[11:54:59] INFO  CTRL    +1 vehicle(s) NORTH (queue=30)
[11:54:59] INFO  CTRL    +2 vehicle(s) EAST (queue=36)
[11:55:00] INFO  GUI     Injected vehicle event for NORTH
[11:55:00] INFO  CTRL    +1 vehicle(s) NORTH (queue=31)
[11:55:00] INFO  GUI     Injected vehicle event for NORTH
[11:55:00] INFO  CTRL    +1 vehicle(s) NORTH (queue=31)
[11:55:00] INFO  GUI     Injected vehicle event for NORTH
[11:55:00] INFO  CTRL    +1 vehicle(s) NORTH (queue=32)
[11:55:00] INFO  GUI     Injected vehicle event for NORTH
[11:55:00] INFO  CTRL    +1 vehicle(s) NORTH (queue=33)
[11:55:00] INFO  GUI     Injected vehicle event for NORTH
[11:55:00] INFO  CTRL    +1 vehicle(s) NORTH (queue=34)
[11:55:00] INFO  CTRL    +1 vehicle(s) EAST (queue=37)
[11:55:00] INFO  CTRL    +2 vehicle(s) WEST (queue=51)
[11:55:01] INFO  GUI     Injected vehicle event for NORTH
[11:55:01] INFO  CTRL    +1 vehicle(s) NORTH (queue=35)
[11:55:01] INFO  GUI     Injected vehicle event for NORTH
[11:55:01] INFO  CTRL    +1 vehicle(s) NORTH (queue=35)
[11:55:01] INFO  GUI     Injected vehicle event for NORTH
[11:55:01] INFO  CTRL    +1 vehicle(s) NORTH (queue=36)
[11:55:01] INFO  GUI     Injected vehicle event for NORTH
[11:55:01] INFO  CTRL    +1 vehicle(s) NORTH (queue=37)
[11:55:01] INFO  GUI     Injected vehicle event for NORTH
[11:55:01] INFO  CTRL    +1 vehicle(s) NORTH (queue=38)
[11:55:01] INFO  CTRL    +1 vehicle(s) NORTH (queue=39)
[11:55:01] INFO  CTRL    +2 vehicle(s) EAST (queue=39)
[11:55:02] INFO  GUI     Injected vehicle event for NORTH
[11:55:02] INFO  CTRL    +1 vehicle(s) NORTH (queue=39)
[11:55:02] INFO  CTRL    +1 vehicle(s) EAST (queue=40)
[11:55:03] INFO  GUI     Injected vehicle event for NORTH
[11:55:03] INFO  CTRL    +1 vehicle(s) NORTH (queue=39)
[11:55:03] INFO  GUI     Injected vehicle event for NORTH
[11:55:03] INFO  CTRL    +1 vehicle(s) NORTH (queue=40)
[11:55:03] INFO  CTRL    Pedestrian request from SOUTH
[11:55:03] INFO  CTRL    +2 vehicle(s) EAST (queue=42)
[11:55:03] INFO  CTRL    +2 vehicle(s) WEST (queue=53)
[11:55:04] INFO  GUI     Injected vehicle event for SOUTH
[11:55:04] INFO  CTRL    +1 vehicle(s) SOUTH (queue=16)
[11:55:04] INFO  GUI     Injected vehicle event for SOUTH
[11:55:04] INFO  CTRL    +1 vehicle(s) SOUTH (queue=17)
[11:55:04] INFO  CTRL    +1 vehicle(s) WEST (queue=54)
[11:55:05] INFO  GUI     Injected vehicle event for SOUTH
[11:55:05] INFO  CTRL    +1 vehicle(s) SOUTH (queue=17)
[11:55:05] INFO  GUI     Injected vehicle event for SOUTH
[11:55:05] INFO  CTRL    +1 vehicle(s) SOUTH (queue=18)
[11:55:06] INFO  CTRL    Pedestrian WALK closed
[11:55:06] INFO  CTRL    Phase -> NS-YELLOW (duration=3s)
[11:55:06] INFO  CTRL    TIMING: yellow phase started — must last exactly 3s
[11:55:06] INFO  NORTH   Light GREEN -> YELLOW
[11:55:06] INFO  SOUTH   Light GREEN -> YELLOW
[11:55:06] INFO  GUI     Injected vehicle event for SOUTH
[11:55:06] INFO  GUI     Injected vehicle event for SOUTH
[11:55:06] INFO  GUI     Injected vehicle event for SOUTH
[11:55:06] INFO  GUI     Injected vehicle event for SOUTH
[11:55:06] INFO  GUI     Injected vehicle event for SOUTH
[11:55:07] INFO  CTRL    +1 vehicle(s) SOUTH (queue=19)
[11:55:07] INFO  CTRL    +1 vehicle(s) SOUTH (queue=20)
[11:55:07] INFO  CTRL    +1 vehicle(s) SOUTH (queue=21)
[11:55:07] INFO  CTRL    +1 vehicle(s) SOUTH (queue=22)
[11:55:07] INFO  CTRL    +2 vehicle(s) EAST (queue=44)
[11:55:07] INFO  CTRL    +2 vehicle(s) WEST (queue=56)
[11:55:07] INFO  CTRL    +1 vehicle(s) SOUTH (queue=23)
[11:55:07] INFO  GUI     Injected vehicle event for SOUTH
[11:55:07] INFO  GUI     Injected vehicle event for SOUTH
[11:55:07] INFO  GUI     Injected vehicle event for SOUTH
[11:55:07] INFO  GUI     Injected vehicle event for SOUTH
[11:55:07] INFO  GUI     Injected vehicle event for SOUTH
[11:55:07] INFO  GUI     Injected vehicle event for SOUTH
[11:55:07] INFO  GUI     Injected vehicle event for SOUTH
[11:55:08] INFO  CTRL    +1 vehicle(s) SOUTH (queue=24)
[11:55:08] INFO  CTRL    +1 vehicle(s) SOUTH (queue=25)
[11:55:08] INFO  CTRL    +1 vehicle(s) SOUTH (queue=26)
[11:55:08] INFO  CTRL    +1 vehicle(s) SOUTH (queue=27)
[11:55:08] INFO  CTRL    +1 vehicle(s) SOUTH (queue=28)
[11:55:08] INFO  CTRL    +1 vehicle(s) SOUTH (queue=29)
[11:55:08] INFO  CTRL    +1 vehicle(s) SOUTH (queue=30)
[11:55:08] INFO  GUI     Injected vehicle event for SOUTH
[11:55:08] INFO  GUI     Injected vehicle event for SOUTH
[11:55:09] INFO  CTRL    Phase -> ALL-RED-1 (duration=2s)
[11:55:09] INFO  CTRL    +1 vehicle(s) SOUTH (queue=31)
[11:55:09] INFO  CTRL    +1 vehicle(s) SOUTH (queue=32)
[11:55:09] INFO  CTRL    +2 vehicle(s) NORTH (queue=40)
[11:55:09] INFO  NORTH   Light YELLOW -> RED
[11:55:09] INFO  SOUTH   Light YELLOW -> RED
[11:55:10] INFO  CTRL    +1 vehicle(s) EAST (queue=45)
[11:55:11] INFO  EAST    Light RED -> YELLOW
[11:55:11] INFO  WEST    Light RED -> YELLOW
[11:55:14] INFO  CTRL    Phase -> EW-GREEN (duration=10s)
[11:55:14] INFO  CTRL    Pedestrian WALK: NORTH/SOUTH crosswalks (synchronized with perpendicular vehicle green)
[11:55:14] INFO  CTRL    +1 vehicle(s) EAST (queue=46)
[11:55:14] INFO  CTRL    +1 vehicle(s) EAST (queue=47)
[11:55:14] INFO  CTRL    +1 vehicle(s) WEST (queue=57)
[11:55:14] INFO  EAST    Light YELLOW -> GREEN
[11:55:14] INFO  WEST    Light YELLOW -> GREEN
[11:55:17] INFO  CTRL    +1 vehicle(s) NORTH (queue=41)
[11:55:17] INFO  CTRL    +1 vehicle(s) SOUTH (queue=33)
[11:55:18] INFO  CTRL    +2 vehicle(s) SOUTH (queue=35)
[11:55:18] INFO  CTRL    +2 vehicle(s) WEST (queue=56)
[11:55:19] INFO  CTRL    Pedestrian request from NORTH
[11:55:19] INFO  CTRL    +1 vehicle(s) WEST (queue=56)
[11:55:20] INFO  CTRL    +2 vehicle(s) NORTH (queue=43)
[11:55:21] INFO  CTRL    +1 vehicle(s) SOUTH (queue=36)
[11:55:21] INFO  GUI     Injected pedestrian event for SOUTH
[11:55:21] INFO  CTRL    Pedestrian request from SOUTH
[11:55:22] INFO  CTRL    +2 vehicle(s) SOUTH (queue=38)
[11:55:24] INFO  CTRL    +2 vehicle(s) SOUTH (queue=40)
[11:55:24] INFO  CTRL    Pedestrian WALK closed
[11:55:24] INFO  CTRL    Phase -> EW-YELLOW (duration=3s)
[11:55:24] INFO  CTRL    TIMING: yellow phase started — must last exactly 3s
[11:55:24] INFO  EAST    Light GREEN -> YELLOW
[11:55:24] INFO  WEST    Light GREEN -> YELLOW
[11:55:27] INFO  CTRL    Phase -> ALL-RED-2 (duration=2s)
[11:55:27] INFO  CTRL    +1 vehicle(s) SOUTH (queue=41)
[11:55:27] INFO  CTRL    +2 vehicle(s) WEST (queue=53)
[11:55:27] INFO  EAST    Light YELLOW -> RED
[11:55:27] INFO  WEST    Light YELLOW -> RED
[11:55:28] INFO  CTRL    +2 vehicle(s) EAST (queue=40)
[11:55:29] INFO  NORTH   Light RED -> YELLOW
[11:55:29] INFO  SOUTH   Light RED -> YELLOW
[11:55:32] INFO  CTRL    Phase -> NS-GREEN (duration=10s)
[11:55:32] INFO  CTRL    Pedestrian WALK: EAST/WEST crosswalks (synchronized with perpendicular vehicle green)
[11:55:32] INFO  CTRL    +1 vehicle(s) NORTH (queue=44)
[11:55:32] INFO  CTRL    +1 vehicle(s) SOUTH (queue=42)
[11:55:32] INFO  CTRL    +2 vehicle(s) EAST (queue=42)
[11:55:32] INFO  CTRL    +1 vehicle(s) NORTH (queue=45)
[11:55:32] INFO  NORTH   Light YELLOW -> GREEN
[11:55:32] INFO  SOUTH   Light YELLOW -> GREEN
[11:55:34] INFO  CTRL    +1 vehicle(s) NORTH (queue=44)
[11:55:34] INFO  CTRL    +2 vehicle(s) SOUTH (queue=42)
[11:55:38] INFO  CTRL    +1 vehicle(s) EAST (queue=43)
[11:55:39] INFO  CTRL    +1 vehicle(s) EAST (queue=44)
[11:55:41] INFO  CTRL    Pedestrian WALK closed
[11:55:42] INFO  CTRL    Pedestrian WALK closed
[11:55:42] INFO  CTRL    Phase -> NS-YELLOW (duration=3s)
[11:55:42] INFO  CTRL    TIMING: yellow phase started — must last exactly 3s
[11:55:42] INFO  NORTH   Light GREEN -> YELLOW
[11:55:42] INFO  SOUTH   Light GREEN -> YELLOW
[11:55:43] INFO  CTRL    Pedestrian request from WEST
[11:55:45] INFO  CTRL    Phase -> ALL-RED-1 (duration=2s)
[11:55:45] INFO  CTRL    +2 vehicle(s) EAST (queue=46)
[11:55:45] INFO  NORTH   Light YELLOW -> RED
[11:55:45] INFO  SOUTH   Light YELLOW -> RED
[11:55:46] INFO  CTRL    +1 vehicle(s) EAST (queue=47)
[11:55:47] INFO  WEST    Light RED -> YELLOW
[11:55:47] INFO  EAST    Light RED -> YELLOW
[11:55:47] INFO  GUI     Injected vehicle event for NORTH
[11:55:48] INFO  GUI     Injected vehicle event for NORTH
[11:55:50] INFO  GUI     Injected vehicle event for NORTH
[11:55:50] INFO  GUI     Injected vehicle event for NORTH
[11:55:50] INFO  GUI     Injected vehicle event for NORTH
[11:55:50] INFO  GUI     Injected vehicle event for NORTH
[11:55:50] INFO  GUI     Injected vehicle event for NORTH
[11:55:51] INFO  CTRL    Phase -> EW-GREEN (duration=10s)
[11:55:51] INFO  CTRL    Pedestrian WALK: NORTH/SOUTH crosswalks (synchronized with perpendicular vehicle green)
[11:55:51] INFO  CTRL    +2 vehicle(s) SOUTH (queue=36)
[11:55:51] INFO  CTRL    +1 vehicle(s) NORTH (queue=37)
[11:55:51] INFO  CTRL    +2 vehicle(s) SOUTH (queue=38)
[11:55:51] INFO  CTRL    +1 vehicle(s) WEST (queue=54)
[11:55:51] INFO  CTRL    +1 vehicle(s) NORTH (queue=38)
[11:55:51] INFO  CTRL    +1 vehicle(s) NORTH (queue=39)
[11:55:51] INFO  CTRL    +1 vehicle(s) EAST (queue=48)
[11:55:51] INFO  CTRL    +1 vehicle(s) WEST (queue=55)
[11:55:51] INFO  CTRL    +1 vehicle(s) NORTH (queue=40)
[11:55:51] INFO  CTRL    +1 vehicle(s) NORTH (queue=41)
[11:55:51] INFO  CTRL    +1 vehicle(s) NORTH (queue=42)
[11:55:51] INFO  CTRL    +1 vehicle(s) NORTH (queue=43)
[11:55:51] INFO  EAST    Light YELLOW -> GREEN
[11:55:51] INFO  WEST    Light YELLOW -> GREEN
[11:55:52] INFO  CTRL    Pedestrian request from SOUTH
[11:55:54] INFO  CTRL    Pedestrian request from NORTH
[11:55:55] INFO  CTRL    +1 vehicle(s) NORTH (queue=44)
[11:55:55] INFO  CTRL    +1 vehicle(s) WEST (queue=52)
[11:55:57] INFO  GUI     Injected vehicle event for WEST
[11:55:57] INFO  CTRL    +1 vehicle(s) WEST (queue=51)
[11:55:57] INFO  CTRL    +2 vehicle(s) EAST (queue=44)
[11:55:58] INFO  CTRL    +1 vehicle(s) SOUTH (queue=39)
[11:55:58] INFO  GUI     Injected vehicle event for EAST
[11:55:58] INFO  CTRL    +1 vehicle(s) EAST (queue=43)
[11:55:59] INFO  CTRL    +2 vehicle(s) NORTH (queue=46)
[11:55:59] INFO  CTRL    +2 vehicle(s) SOUTH (queue=41)
[11:55:59] INFO  CTRL    +1 vehicle(s) WEST (queue=50)
[11:55:59] INFO  GUI     Injected vehicle event for EAST
[11:55:59] INFO  CTRL    +1 vehicle(s) EAST (queue=44)
[11:56:00] INFO  GUI     Injected vehicle event for EAST
[11:56:00] INFO  CTRL    +1 vehicle(s) EAST (queue=44)
[11:56:00] INFO  GUI     Injected vehicle event for EAST
[11:56:00] INFO  CTRL    +1 vehicle(s) EAST (queue=45)
[11:56:00] INFO  GUI     Injected vehicle event for EAST
[11:56:00] INFO  CTRL    +1 vehicle(s) EAST (queue=46)
[11:56:00] INFO  GUI     Injected vehicle event for EAST
[11:56:00] INFO  CTRL    +1 vehicle(s) EAST (queue=47)
[11:56:00] INFO  CTRL    Pedestrian WALK closed
[11:56:00] INFO  GUI     Injected vehicle event for EAST
[11:56:00] INFO  CTRL    +1 vehicle(s) EAST (queue=47)
[11:56:00] INFO  GUI     Injected vehicle event for EAST
[11:56:01] INFO  CTRL    +1 vehicle(s) EAST (queue=48)
[11:56:01] INFO  GUI     Injected vehicle event for EAST
[11:56:01] INFO  CTRL    +1 vehicle(s) EAST (queue=49)
[11:56:01] INFO  GUI     Injected vehicle event for EAST
[11:56:01] INFO  CTRL    +1 vehicle(s) EAST (queue=50)
[11:56:01] INFO  GUI     Injected vehicle event for WEST
[11:56:01] INFO  CTRL    +1 vehicle(s) WEST (queue=49)
[11:56:01] INFO  GUI     Injected vehicle event for EAST
[11:56:01] INFO  CTRL    Pedestrian WALK closed
[11:56:01] INFO  CTRL    Phase -> EW-YELLOW (duration=3s)
[11:56:01] INFO  CTRL    TIMING: yellow phase started — must last exactly 3s
[11:56:01] INFO  CTRL    +1 vehicle(s) EAST (queue=51)
[11:56:01] INFO  WEST    Light GREEN -> YELLOW
[11:56:01] INFO  EAST    Light GREEN -> YELLOW
[11:56:01] INFO  GUI     Injected vehicle event for WEST
[11:56:02] INFO  GUI     Injected vehicle event for EAST
[11:56:02] INFO  GUI     Injected vehicle event for WEST
[11:56:02] INFO  GUI     Injected vehicle event for EAST
[11:56:02] INFO  CTRL    +1 vehicle(s) WEST (queue=50)
[11:56:02] INFO  CTRL    +1 vehicle(s) EAST (queue=52)
[11:56:02] INFO  CTRL    +2 vehicle(s) NORTH (queue=48)
[11:56:02] INFO  CTRL    +1 vehicle(s) WEST (queue=51)
[11:56:02] INFO  CTRL    +1 vehicle(s) EAST (queue=53)
[11:56:02] INFO  GUI     Injected vehicle event for WEST
[11:56:02] INFO  GUI     Injected vehicle event for EAST
[11:56:03] INFO  GUI     Injected vehicle event for WEST
[11:56:03] INFO  GUI     Injected vehicle event for EAST
[11:56:03] INFO  CTRL    +1 vehicle(s) WEST (queue=52)
[11:56:03] INFO  CTRL    +1 vehicle(s) EAST (queue=54)
[11:56:03] INFO  CTRL    +1 vehicle(s) WEST (queue=53)
[11:56:03] INFO  CTRL    +1 vehicle(s) EAST (queue=55)
[11:56:04] INFO  CTRL    Phase -> ALL-RED-2 (duration=2s)
[11:56:04] INFO  CTRL    +2 vehicle(s) NORTH (queue=50)
[11:56:04] INFO  CTRL    +2 vehicle(s) SOUTH (queue=43)
[11:56:04] INFO  WEST    Light YELLOW -> RED
[11:56:04] INFO  EAST    Light YELLOW -> RED
[11:56:05] INFO  CTRL    +1 vehicle(s) EAST (queue=56)
[11:56:06] INFO  NORTH   Light RED -> YELLOW
[11:56:06] INFO  SOUTH   Light RED -> YELLOW
[11:56:09] INFO  CTRL    Phase -> NS-GREEN (duration=10s)
[11:56:09] INFO  CTRL    Pedestrian WALK: EAST/WEST crosswalks (synchronized with perpendicular vehicle green)
[11:56:09] INFO  CTRL    +1 vehicle(s) SOUTH (queue=44)
[11:56:09] INFO  CTRL    Pedestrian request from EAST
[11:56:09] INFO  CTRL    +1 vehicle(s) EAST (queue=57)
[11:56:09] INFO  CTRL    +1 vehicle(s) SOUTH (queue=45)
[11:56:09] INFO  CTRL    +2 vehicle(s) EAST (queue=59)
[11:56:09] INFO  CTRL    +2 vehicle(s) WEST (queue=55)
[11:56:09] INFO  NORTH   Light YELLOW -> GREEN
[11:56:09] INFO  SOUTH   Light YELLOW -> GREEN
[11:56:11] INFO  CTRL    +1 vehicle(s) EAST (queue=60)
[11:56:13] INFO  CTRL    +2 vehicle(s) EAST (queue=62)
[11:56:16] INFO  CTRL    +2 vehicle(s) EAST (queue=64)
[11:56:16] INFO  CTRL    +1 vehicle(s) WEST (queue=56)
[11:56:18] INFO  CTRL    Pedestrian WALK closed
[11:56:19] INFO  CTRL    Pedestrian WALK closed
[11:56:19] INFO  CTRL    Phase -> NS-YELLOW (duration=3s)
[11:56:19] INFO  CTRL    TIMING: yellow phase started — must last exactly 3s
[11:56:19] INFO  SOUTH   Light GREEN -> YELLOW
[11:56:19] INFO  NORTH   Light GREEN -> YELLOW
[11:56:20] INFO  CTRL    Pedestrian request from WEST
[11:56:23] INFO  CTRL    Phase -> ALL-RED-1 (duration=2s)
[11:56:23] INFO  SOUTH   Light YELLOW -> RED
[11:56:24] INFO  NORTH   Light YELLOW -> RED
[11:56:24] INFO  CTRL    +1 vehicle(s) WEST (queue=57)
[11:56:26] INFO  WEST    Light RED -> YELLOW
[11:56:26] INFO  EAST    Light RED -> YELLOW
[11:56:28] INFO  CTRL    Phase -> EW-GREEN (duration=10s)
[11:56:28] INFO  CTRL    Pedestrian WALK: NORTH/SOUTH crosswalks (synchronized with perpendicular vehicle green)
[11:56:28] INFO  CTRL    Pedestrian request from SOUTH
[11:56:28] INFO  CTRL    +1 vehicle(s) NORTH (queue=41)
[11:56:28] INFO  CTRL    +1 vehicle(s) WEST (queue=58)
[11:56:29] INFO  EAST    Light YELLOW -> GREEN
[11:56:29] INFO  WEST    Light YELLOW -> GREEN
[11:56:30] INFO  CTRL    +1 vehicle(s) NORTH (queue=42)
[11:56:31] INFO  CTRL    +2 vehicle(s) EAST (queue=63)
[11:56:32] INFO  CTRL    +1 vehicle(s) WEST (queue=55)
[11:56:34] INFO  CTRL    +2 vehicle(s) WEST (queue=55)
[11:56:35] INFO  CTRL    +1 vehicle(s) EAST (queue=60)
[11:56:36] INFO  CTRL    +2 vehicle(s) WEST (queue=55)
[11:56:38] INFO  CTRL    Pedestrian WALK closed
[11:56:38] INFO  CTRL    Phase -> EW-YELLOW (duration=3s)
[11:56:38] INFO  CTRL    TIMING: yellow phase started — must last exactly 3s
[11:56:38] INFO  EAST    Light GREEN -> YELLOW
[11:56:38] INFO  WEST    Light GREEN -> YELLOW
===== System stopped =====


===== System started =====
[11:57:46] INFO  SOUTH   Light process started (pid=369713)
[11:57:46] INFO  NORTH   Light process started (pid=369712)
[11:57:46] INFO  EAST    Light process started (pid=369714)
[11:57:46] INFO  WEST    Light process started (pid=369715)
[11:57:46] INFO  EMERG   Emergency generator started (pid=369719)
[11:57:46] INFO  PEDEST  Pedestrian generator started (pid=369718)
[11:57:46] INFO  VEHICLE Vehicle detector started (pid=369717)
[11:57:46] INFO  CTRL    Controller process started (pid=369716)
[11:57:46] INFO  CTRL    Phase -> ALL-RED-1 (duration=2s)
[11:57:46] INFO  GUI     OpenGL GUI attached
[11:57:47] INFO  CTRL    +1 vehicle(s) SOUTH (queue=1)
[11:57:47] INFO  CTRL    +2 vehicle(s) EAST (queue=2)
[11:57:48] INFO  SOUTH   Light RED -> YELLOW
[11:57:48] INFO  NORTH   Light RED -> YELLOW
[11:57:51] INFO  CTRL    Phase -> NS-GREEN (duration=8s)
[11:57:51] INFO  CTRL    Pedestrian request from EAST
[11:57:51] INFO  CTRL    Pedestrian request from WEST
[11:57:51] INFO  CTRL    +1 vehicle(s) WEST (queue=1)
[11:57:51] INFO  CTRL    +2 vehicle(s) SOUTH (queue=3)
[11:57:51] INFO  SOUTH   Light YELLOW -> GREEN
[11:57:51] INFO  NORTH   Light YELLOW -> GREEN
[11:57:52] INFO  CTRL    Pedestrian request from SOUTH
[11:57:52] INFO  CTRL    +1 vehicle(s) NORTH (queue=1)
[11:57:52] INFO  CTRL    +2 vehicle(s) EAST (queue=4)
[11:57:53] INFO  CTRL    +1 vehicle(s) WEST (queue=2)
[11:57:54] INFO  CTRL    +2 vehicle(s) NORTH (queue=2)
[11:57:55] INFO  CTRL    +2 vehicle(s) SOUTH (queue=2)
[11:57:55] INFO  SOUTH   Light process exiting
[11:57:55] INFO  EAST    Light process exiting
[11:57:55] INFO  NORTH   Light process exiting
[11:57:55] INFO  WEST    Light process exiting
===== System stopped =====


===== System started =====
[12:02:08] INFO  NORTH   Light process started (pid=370824)
[12:02:08] INFO  SOUTH   Light process started (pid=370825)
[12:02:08] INFO  EAST    Light process started (pid=370826)
[12:02:08] INFO  WEST    Light process started (pid=370827)
[12:02:08] INFO  CTRL    Controller process started (pid=370828)
[12:02:08] INFO  CTRL    Phase -> ALL-RED-1 (duration=2s)
[12:02:08] INFO  VEHICLE Vehicle detector started (pid=370829)
[12:02:08] INFO  PEDEST  Pedestrian generator started (pid=370830)
[12:02:08] INFO  EMERG   Emergency generator started (pid=370831)
[12:02:09] INFO  GUI     OpenGL GUI attached
[12:02:09] INFO  CTRL    +1 vehicle(s) NORTH (queue=1)
[12:02:10] INFO  NORTH   Light RED -> YELLOW
[12:02:10] INFO  SOUTH   Light RED -> YELLOW
[12:02:13] INFO  CTRL    Phase -> NS-GREEN (duration=9s)
[12:02:13] INFO  CTRL    Pedestrian request from SOUTH
[12:02:13] INFO  CTRL    +2 vehicle(s) NORTH (queue=3)
[12:02:13] INFO  CTRL    +1 vehicle(s) WEST (queue=1)
[12:02:13] INFO  CTRL    +1 vehicle(s) NORTH (queue=4)
[12:02:13] INFO  NORTH   Light YELLOW -> GREEN
[12:02:13] INFO  SOUTH   Light YELLOW -> GREEN
[12:02:14] INFO  CTRL    +1 vehicle(s) WEST (queue=2)
[12:02:15] INFO  CTRL    +1 vehicle(s) SOUTH (queue=1)
[12:02:16] INFO  CTRL    +1 vehicle(s) NORTH (queue=2)
[12:02:17] INFO  CTRL    Pedestrian request from WEST
[12:02:18] INFO  CTRL    +2 vehicle(s) SOUTH (queue=2)
[12:02:18] INFO  CTRL    +1 vehicle(s) EAST (queue=1)
[12:02:21] INFO  CTRL    +1 vehicle(s) SOUTH (queue=1)
[12:02:22] INFO  GUI     Injected vehicle event for WEST
[12:02:22] INFO  CTRL    +1 vehicle(s) WEST (queue=3)
[12:02:22] INFO  CTRL    Pedestrian WALK closed
[12:02:22] INFO  CTRL    Phase -> NS-YELLOW (duration=3s)
[12:02:22] INFO  CTRL    TIMING: yellow phase started — must last exactly 3s
[12:02:22] INFO  SOUTH   Light GREEN -> YELLOW
[12:02:22] INFO  NORTH   Light GREEN -> YELLOW
[12:02:23] INFO  GUI     Injected vehicle event for EAST
[12:02:23] INFO  CTRL    +1 vehicle(s) EAST (queue=2)
[12:02:24] INFO  CTRL    +1 vehicle(s) NORTH (queue=1)
[12:02:24] INFO  CTRL    +2 vehicle(s) WEST (queue=5)
[12:02:25] INFO  GUI     Injected vehicle event for EAST
[12:02:25] INFO  CTRL    Phase -> ALL-RED-1 (duration=2s)
[12:02:25] INFO  CTRL    +1 vehicle(s) EAST (queue=3)
[12:02:25] INFO  CTRL    +2 vehicle(s) NORTH (queue=3)
[12:02:25] INFO  CTRL    +1 vehicle(s) EAST (queue=4)
[12:02:26] INFO  SOUTH   Light YELLOW -> RED
[12:02:26] INFO  NORTH   Light YELLOW -> RED
[12:02:26] WARN  EMERG   Generated EMERGENCY from WEST
[12:02:26] WARN  CTRL    EMERGENCY vehicle from WEST
[12:02:26] WARN  CTRL    EMERGENCY priority for WEST — clearing intersection
[12:02:26] INFO  CTRL    Pedestrian WALK closed
[12:02:28] INFO  WEST    Light RED -> YELLOW
[12:02:28] INFO  GUI     Injected vehicle event for SOUTH
[12:02:28] INFO  CTRL    Phase -> EMERGENCY (duration=8s)
[12:02:28] INFO  CTRL    +2 vehicle(s) EAST (queue=6)
[12:02:28] INFO  CTRL    +1 vehicle(s) SOUTH (queue=1)
[12:02:28] INFO  WEST    Light YELLOW -> GREEN
[12:02:32] INFO  GUI     Injected vehicle event for NORTH
[12:02:32] INFO  CTRL    +1 vehicle(s) NORTH (queue=4)
[12:02:32] INFO  CTRL    Pedestrian request from NORTH
[12:02:33] INFO  CTRL    +2 vehicle(s) WEST (queue=7)
[12:02:34] INFO  CTRL    +1 vehicle(s) NORTH (queue=5)
[12:02:34] INFO  CTRL    +2 vehicle(s) SOUTH (queue=3)
[12:02:34] INFO  CTRL    Pedestrian request from EAST
[12:02:35] INFO  CTRL    +2 vehicle(s) NORTH (queue=7)
[12:02:36] INFO  CTRL    +1 vehicle(s) EAST (queue=7)
[12:02:37] INFO  CTRL    +2 vehicle(s) WEST (queue=9)
[12:02:38] INFO  CTRL    +1 vehicle(s) NORTH (queue=8)
[12:02:40] INFO  CTRL    +2 vehicle(s) NORTH (queue=10)
[12:02:40] INFO  CTRL    +1 vehicle(s) SOUTH (queue=4)
[12:02:40] INFO  CTRL    +2 vehicle(s) EAST (queue=9)
[12:02:41] INFO  CTRL    +1 vehicle(s) EAST (queue=10)
[12:02:44] INFO  CTRL    +1 vehicle(s) SOUTH (queue=5)
[12:02:44] INFO  WEST    Light GREEN -> YELLOW
[12:02:45] INFO  WEST    Light YELLOW -> RED
[12:02:45] WARN  CTRL    EMERGENCY cleared
[12:02:45] INFO  CTRL    Phase -> ALL-RED-1 (duration=2s)
[12:02:46] INFO  CTRL    +2 vehicle(s) SOUTH (queue=7)
[12:02:46] INFO  CTRL    +1 vehicle(s) EAST (queue=11)
[12:02:46] INFO  CTRL    +2 vehicle(s) WEST (queue=11)
[12:02:47] INFO  NORTH   Light RED -> YELLOW
[12:02:47] INFO  SOUTH   Light RED -> YELLOW
[12:02:50] INFO  CTRL    Phase -> NS-GREEN (duration=10s)
[12:02:50] INFO  CTRL    Pedestrian WALK: EAST/WEST crosswalks (synchronized with perpendicular vehicle green)
[12:02:50] INFO  CTRL    +1 vehicle(s) EAST (queue=12)
[12:02:50] INFO  CTRL    Pedestrian request from WEST
[12:02:50] INFO  CTRL    +1 vehicle(s) NORTH (queue=11)
[12:02:50] INFO  CTRL    +2 vehicle(s) NORTH (queue=13)
[12:02:50] INFO  CTRL    +1 vehicle(s) EAST (queue=13)
[12:02:50] INFO  SOUTH   Light YELLOW -> GREEN
[12:02:50] INFO  NORTH   Light YELLOW -> GREEN
[12:02:51] INFO  CTRL    +1 vehicle(s) WEST (queue=12)
[12:02:51] INFO  NORTH   Light process exiting
===== System stopped =====


===== System started =====
[12:10:38] INFO  EMERG   Emergency generator started (pid=372990)
[12:10:38] INFO  PEDEST  Pedestrian generator started (pid=372989)
[12:10:38] INFO  NORTH   Light process started (pid=372983)
[12:10:38] INFO  SOUTH   Light process started (pid=372984)
[12:10:38] INFO  EAST    Light process started (pid=372985)
[12:10:38] INFO  WEST    Light process started (pid=372986)
[12:10:38] INFO  VEHICLE Vehicle detector started (pid=372988)
[12:10:38] INFO  CTRL    Controller process started (pid=372987)
[12:10:38] INFO  CTRL    Phase -> ALL-RED-1 (duration=2s)
[12:10:38] INFO  CTRL    +2 vehicle(s) EAST (queue=2)
[12:10:38] INFO  GUI     OpenGL GUI attached
[12:10:40] INFO  NORTH   Light RED -> YELLOW
[12:10:40] INFO  SOUTH   Light RED -> YELLOW
[12:10:41] INFO  GUI     Injected vehicle event for SOUTH
[12:10:43] INFO  CTRL    Phase -> NS-GREEN (duration=8s)
[12:10:43] INFO  CTRL    +2 vehicle(s) NORTH (queue=2)
[12:10:43] INFO  CTRL    +1 vehicle(s) EAST (queue=3)
[12:10:43] INFO  CTRL    +1 vehicle(s) WEST (queue=1)
[12:10:43] INFO  CTRL    +1 vehicle(s) SOUTH (queue=1)
[12:10:43] INFO  CTRL    +2 vehicle(s) NORTH (queue=4)
[12:10:43] INFO  CTRL    +2 vehicle(s) EAST (queue=5)
[12:10:43] INFO  NORTH   Light YELLOW -> GREEN
[12:10:43] INFO  SOUTH   Light YELLOW -> GREEN
[12:10:43] INFO  CTRL    +2 vehicle(s) NORTH (queue=5)
[12:10:43] INFO  CTRL    +2 vehicle(s) SOUTH (queue=2)
[12:10:44] INFO  CTRL    +1 vehicle(s) SOUTH (queue=2)
[12:10:45] INFO  CTRL    Pedestrian request from NORTH
[12:10:45] INFO  CTRL    Pedestrian request from WEST
[12:10:46] INFO  CTRL    Pedestrian request from EAST
[12:10:46] INFO  CTRL    +2 vehicle(s) NORTH (queue=5)
[12:10:46] INFO  CTRL    +1 vehicle(s) WEST (queue=2)
[12:10:47] INFO  CTRL    +1 vehicle(s) SOUTH (queue=1)
[12:10:49] INFO  CTRL    +1 vehicle(s) NORTH (queue=3)
[12:10:49] INFO  CTRL    +2 vehicle(s) EAST (queue=7)
[12:10:52] INFO  CTRL    Pedestrian WALK closed
[12:10:52] INFO  CTRL    Phase -> NS-YELLOW (duration=3s)
[12:10:52] INFO  CTRL    TIMING: yellow phase started — must last exactly 3s
[12:10:52] INFO  CTRL    +1 vehicle(s) WEST (queue=3)
[12:10:52] INFO  NORTH   Light GREEN -> YELLOW
[12:10:52] INFO  SOUTH   Light GREEN -> YELLOW
[12:10:53] INFO  GUI     Injected vehicle event for NORTH
[12:10:54] INFO  CTRL    +1 vehicle(s) NORTH (queue=2)
[12:10:54] INFO  CTRL    +1 vehicle(s) EAST (queue=8)
[12:10:55] INFO  GUI     Injected vehicle event for NORTH
[12:10:55] INFO  CTRL    Phase -> ALL-RED-1 (duration=2s)
[12:10:55] INFO  CTRL    +1 vehicle(s) NORTH (queue=3)
[12:10:55] INFO  SOUTH   Light YELLOW -> RED
[12:10:55] INFO  NORTH   Light YELLOW -> RED
[12:10:56] INFO  CTRL    +1 vehicle(s) WEST (queue=4)
[12:10:57] INFO  WEST    Light RED -> YELLOW
[12:10:57] INFO  EAST    Light RED -> YELLOW
[12:10:58] INFO  GUI     Injected vehicle event for NORTH
[12:10:59] INFO  GUI     Injected vehicle event for SOUTH
[12:11:00] INFO  CTRL    Phase -> EW-GREEN (duration=10s)
[12:11:00] INFO  CTRL    Pedestrian WALK: NORTH/SOUTH crosswalks (synchronized with perpendicular vehicle green)
[12:11:00] INFO  CTRL    +1 vehicle(s) NORTH (queue=4)
[12:11:00] INFO  CTRL    +2 vehicle(s) NORTH (queue=6)
[12:11:00] INFO  CTRL    +1 vehicle(s) SOUTH (queue=1)
[12:11:00] INFO  EAST    Light YELLOW -> GREEN
[12:11:00] INFO  WEST    Light YELLOW -> GREEN
[12:11:01] INFO  CTRL    +2 vehicle(s) NORTH (queue=8)
[12:11:01] INFO  CTRL    +2 vehicle(s) SOUTH (queue=3)
[12:11:01] INFO  GUI     Injected vehicle event for SOUTH
[12:11:01] INFO  CTRL    +1 vehicle(s) SOUTH (queue=4)
[12:11:02] INFO  CTRL    +1 vehicle(s) NORTH (queue=9)
[12:11:02] INFO  CTRL    +1 vehicle(s) WEST (queue=3)
[12:11:02] INFO  CTRL    Pedestrian request from NORTH
[12:11:03] INFO  CTRL    +1 vehicle(s) WEST (queue=3)
[12:11:03] INFO  GUI     Injected vehicle event for SOUTH
[12:11:03] INFO  CTRL    +1 vehicle(s) SOUTH (queue=5)
[12:11:04] INFO  CTRL    +1 vehicle(s) SOUTH (queue=6)
[12:11:04] INFO  CTRL    +1 vehicle(s) EAST (queue=5)
[12:11:04] INFO  CTRL    Pedestrian request from SOUTH
[12:11:07] INFO  CTRL    +2 vehicle(s) NORTH (queue=11)
[12:11:07] INFO  CTRL    +1 vehicle(s) SOUTH (queue=7)
[12:11:09] INFO  CTRL    +1 vehicle(s) WEST (queue=1)
[12:11:09] INFO  CTRL    Pedestrian WALK closed
[12:11:10] INFO  CTRL    Pedestrian WALK closed
[12:11:10] INFO  CTRL    Phase -> EW-YELLOW (duration=3s)
[12:11:10] INFO  CTRL    TIMING: yellow phase started — must last exactly 3s
[12:11:10] INFO  CTRL    +1 vehicle(s) SOUTH (queue=8)
[12:11:10] INFO  WEST    Light GREEN -> YELLOW
[12:11:10] INFO  EAST    Light GREEN -> YELLOW
[12:11:11] INFO  CTRL    +2 vehicle(s) NORTH (queue=13)
[12:11:11] INFO  CTRL    +1 vehicle(s) EAST (queue=1)
[12:11:12] INFO  GUI     Injected vehicle event for WEST
[12:11:13] INFO  CTRL    Phase -> ALL-RED-2 (duration=2s)
[12:11:13] INFO  CTRL    +1 vehicle(s) WEST (queue=1)
[12:11:13] INFO  WEST    Light YELLOW -> RED
[12:11:13] INFO  EAST    Light YELLOW -> RED
[12:11:14] INFO  GUI     Injected vehicle event for EAST
[12:11:14] INFO  CTRL    +1 vehicle(s) EAST (queue=2)
[12:11:14] INFO  GUI     Injected vehicle event for WEST
[12:11:15] INFO  SOUTH   Light RED -> YELLOW
[12:11:15] INFO  NORTH   Light RED -> YELLOW
[12:11:16] INFO  GUI     Injected vehicle event for EAST
[12:11:18] INFO  CTRL    Phase -> NS-GREEN (duration=10s)
[12:11:18] INFO  CTRL    Pedestrian WALK: EAST/WEST crosswalks (synchronized with perpendicular vehicle green)
[12:11:18] INFO  CTRL    +1 vehicle(s) WEST (queue=2)
[12:11:18] INFO  CTRL    +1 vehicle(s) NORTH (queue=14)
[12:11:18] INFO  CTRL    +1 vehicle(s) EAST (queue=3)
[12:11:18] INFO  CTRL    +1 vehicle(s) EAST (queue=4)
[12:11:18] INFO  CTRL    +1 vehicle(s) WEST (queue=3)
[12:11:18] INFO  NORTH   Light YELLOW -> GREEN
[12:11:18] INFO  SOUTH   Light YELLOW -> GREEN
[12:11:18] INFO  GUI     Injected vehicle event for WEST
[12:11:18] INFO  CTRL    +1 vehicle(s) WEST (queue=4)
[12:11:19] INFO  CTRL    Pedestrian request from WEST
[12:11:20] INFO  CTRL    +2 vehicle(s) WEST (queue=6)
[12:11:20] INFO  CTRL    Pedestrian request from EAST
[12:11:23] INFO  CTRL    +2 vehicle(s) WEST (queue=8)
[12:11:25] INFO  CTRL    +2 vehicle(s) EAST (queue=6)
[12:11:27] INFO  CTRL    +1 vehicle(s) SOUTH (queue=1)
[12:11:28] INFO  CTRL    +2 vehicle(s) SOUTH (queue=2)
[12:11:28] INFO  CTRL    Pedestrian WALK closed
[12:11:28] INFO  CTRL    Phase -> NS-YELLOW (duration=3s)
[12:11:28] INFO  CTRL    TIMING: yellow phase started — must last exactly 3s
[12:11:28] INFO  SOUTH   Light GREEN -> YELLOW
[12:11:28] INFO  NORTH   Light GREEN -> YELLOW
[12:11:30] INFO  CTRL    +1 vehicle(s) NORTH (queue=6)
[12:11:30] INFO  CTRL    +1 vehicle(s) WEST (queue=9)
[12:11:31] INFO  CTRL    Phase -> ALL-RED-1 (duration=2s)
[12:11:31] INFO  CTRL    +1 vehicle(s) NORTH (queue=7)
[12:11:31] INFO  SOUTH   Light YELLOW -> RED
[12:11:31] INFO  NORTH   Light YELLOW -> RED
[12:11:32] INFO  CTRL    +2 vehicle(s) EAST (queue=8)
[12:11:32] INFO  CTRL    +2 vehicle(s) WEST (queue=11)
[12:11:33] INFO  EAST    Light RED -> YELLOW
[12:11:33] INFO  WEST    Light RED -> YELLOW
[12:11:36] INFO  CTRL    Phase -> EW-GREEN (duration=10s)
[12:11:36] INFO  CTRL    Pedestrian WALK: NORTH/SOUTH crosswalks (synchronized with perpendicular vehicle green)
[12:11:36] INFO  CTRL    +1 vehicle(s) NORTH (queue=8)
[12:11:36] INFO  CTRL    +2 vehicle(s) EAST (queue=10)
[12:11:36] INFO  CTRL    +1 vehicle(s) WEST (queue=12)
[12:11:36] INFO  CTRL    +2 vehicle(s) SOUTH (queue=4)
[12:11:36] INFO  CTRL    +2 vehicle(s) WEST (queue=14)
[12:11:36] INFO  EAST    Light YELLOW -> GREEN
[12:11:36] INFO  WEST    Light YELLOW -> GREEN
[12:11:38] INFO  CTRL    +2 vehicle(s) NORTH (queue=10)
[12:11:38] INFO  CTRL    +1 vehicle(s) WEST (queue=13)
[12:11:39] INFO  CTRL    +1 vehicle(s) WEST (queue=13)
[12:11:39] INFO  CTRL    Pedestrian request from NORTH
[12:11:40] INFO  CTRL    +1 vehicle(s) WEST (queue=13)
[12:11:43] INFO  GUI     Injected pedestrian event for SOUTH
[12:11:43] INFO  CTRL    Pedestrian request from SOUTH
[12:11:43] INFO  CTRL    +2 vehicle(s) NORTH (queue=12)
[12:11:44] INFO  CTRL    +1 vehicle(s) NORTH (queue=13)
[12:11:44] INFO  CTRL    +2 vehicle(s) SOUTH (queue=6)
[12:11:44] INFO  CTRL    +1 vehicle(s) WEST (queue=10)
[12:11:45] INFO  CTRL    +1 vehicle(s) NORTH (queue=14)
[12:11:45] INFO  CTRL    +1 vehicle(s) WEST (queue=10)
[12:11:45] INFO  CTRL    Pedestrian WALK closed
[12:11:46] INFO  CTRL    Pedestrian WALK closed
[12:11:46] INFO  CTRL    Phase -> EW-YELLOW (duration=3s)
[12:11:46] INFO  CTRL    TIMING: yellow phase started — must last exactly 3s
[12:11:46] INFO  EAST    Light GREEN -> YELLOW
[12:11:46] INFO  WEST    Light GREEN -> YELLOW
[12:11:49] INFO  CTRL    Phase -> ALL-RED-2 (duration=2s)
[12:11:49] INFO  WEST    Light YELLOW -> RED
[12:11:49] INFO  EAST    Light YELLOW -> RED
[12:11:51] INFO  SOUTH   Light RED -> YELLOW
[12:11:51] INFO  NORTH   Light RED -> YELLOW
[12:11:54] INFO  CTRL    Phase -> NS-GREEN (duration=10s)
[12:11:54] INFO  CTRL    Pedestrian WALK: EAST/WEST crosswalks (synchronized with perpendicular vehicle green)
[12:11:54] INFO  CTRL    +2 vehicle(s) WEST (queue=11)
[12:11:54] INFO  CTRL    +2 vehicle(s) SOUTH (queue=8)
[12:11:54] INFO  CTRL    +1 vehicle(s) EAST (queue=1)
[12:11:54] INFO  CTRL    +2 vehicle(s) NORTH (queue=16)
[12:11:54] INFO  CTRL    +2 vehicle(s) SOUTH (queue=10)
[12:11:54] INFO  SOUTH   Light YELLOW -> GREEN
[12:11:54] INFO  NORTH   Light YELLOW -> GREEN
[12:11:55] INFO  CTRL    +1 vehicle(s) EAST (queue=2)
[12:11:56] INFO  CTRL    Pedestrian request from EAST
[12:11:59] INFO  CTRL    +2 vehicle(s) SOUTH (queue=8)
[12:11:59] INFO  CTRL    +2 vehicle(s) WEST (queue=13)
[12:12:00] INFO  CTRL    +1 vehicle(s) EAST (queue=3)
[12:12:00] INFO  CTRL    +1 vehicle(s) WEST (queue=14)
[12:12:01] INFO  CTRL    +2 vehicle(s) SOUTH (queue=8)
[12:12:01] INFO  CTRL    +1 vehicle(s) EAST (queue=4)
[12:12:03] INFO  CTRL    +2 vehicle(s) EAST (queue=6)
[12:12:04] INFO  CTRL    +2 vehicle(s) SOUTH (queue=7)
[12:12:04] INFO  CTRL    Pedestrian WALK closed
[12:12:04] INFO  CTRL    Phase -> NS-YELLOW (duration=3s)
[12:12:04] INFO  CTRL    TIMING: yellow phase started — must last exactly 3s
[12:12:04] INFO  SOUTH   Light GREEN -> YELLOW
[12:12:04] INFO  NORTH   Light GREEN -> YELLOW
[12:12:07] INFO  CTRL    Phase -> ALL-RED-1 (duration=2s)
[12:12:07] INFO  NORTH   Light YELLOW -> RED
[12:12:07] ERROR EAST    FAULT — forced RED instead of RED
[12:12:07] INFO  SOUTH   Light YELLOW -> RED
[12:12:08] ERROR CTRL    FAULT reported by EAST: lamp stuck — forced RED
[12:12:09] INFO  WEST    Light RED -> YELLOW
[12:12:09] INFO  EAST    Light RED -> YELLOW
[12:12:12] INFO  CTRL    Phase -> EW-GREEN (duration=10s)
[12:12:12] INFO  CTRL    Pedestrian WALK: NORTH/SOUTH crosswalks (synchronized with perpendicular vehicle green)
[12:12:12] INFO  CTRL    +2 vehicle(s) NORTH (queue=9)
[12:12:12] INFO  CTRL    +1 vehicle(s) SOUTH (queue=8)
[12:12:12] INFO  CTRL    +1 vehicle(s) WEST (queue=15)
[12:12:12] INFO  CTRL    Pedestrian request from NORTH
[12:12:12] INFO  CTRL    Pedestrian request from SOUTH
[12:12:12] INFO  CTRL    +1 vehicle(s) SOUTH (queue=9)
[12:12:12] INFO  CTRL    +1 vehicle(s) SOUTH (queue=10)
[12:12:12] INFO  EAST    Light YELLOW -> GREEN
[12:12:12] INFO  WEST    Light YELLOW -> GREEN
[12:12:14] INFO  CTRL    +2 vehicle(s) NORTH (queue=11)
[12:12:15] INFO  CTRL    +1 vehicle(s) EAST (queue=4)
[12:12:15] INFO  CTRL    +1 vehicle(s) WEST (queue=13)
[12:12:17] INFO  CTRL    +1 vehicle(s) SOUTH (queue=11)
[12:12:17] INFO  CTRL    +1 vehicle(s) EAST (queue=3)
[12:12:21] INFO  CTRL    +2 vehicle(s) NORTH (queue=13)
[12:12:21] INFO  CTRL    +2 vehicle(s) SOUTH (queue=13)
[12:12:21] INFO  CTRL    +1 vehicle(s) WEST (queue=8)
[12:12:21] INFO  CTRL    Pedestrian WALK closed
[12:12:22] INFO  CTRL    +1 vehicle(s) NORTH (queue=14)
[12:12:22] INFO  CTRL    +1 vehicle(s) SOUTH (queue=14)
[12:12:22] INFO  CTRL    Pedestrian WALK closed
[12:12:22] INFO  CTRL    Phase -> EW-YELLOW (duration=3s)
[12:12:22] INFO  CTRL    TIMING: yellow phase started — must last exactly 3s
[12:12:22] INFO  WEST    Light GREEN -> YELLOW
[12:12:22] INFO  EAST    Light GREEN -> YELLOW
[12:12:23] INFO  CTRL    Pedestrian request from WEST
[12:12:23] INFO  CTRL    +2 vehicle(s) EAST (queue=2)
[12:12:25] INFO  CTRL    Phase -> ALL-RED-2 (duration=2s)
[12:12:25] INFO  CTRL    +1 vehicle(s) SOUTH (queue=15)
[12:12:25] INFO  WEST    Light YELLOW -> RED
[12:12:25] INFO  EAST    Light YELLOW -> RED
[12:12:25] INFO  GUI     Injected emergency event for NORTH
[12:12:26] WARN  CTRL    EMERGENCY vehicle from NORTH
[12:12:26] INFO  CTRL    +2 vehicle(s) NORTH (queue=16)
[12:12:26] WARN  CTRL    EMERGENCY priority for NORTH — clearing intersection
[12:12:26] INFO  CTRL    Pedestrian WALK closed
[12:12:27] INFO  SOUTH   Light RED -> YELLOW
[12:12:28] INFO  CTRL    Phase -> EMERGENCY (duration=8s)
[12:12:28] INFO  SOUTH   Light YELLOW -> GREEN
[12:12:32] INFO  CTRL    +2 vehicle(s) EAST (queue=4)
[12:12:34] INFO  CTRL    +2 vehicle(s) WEST (queue=9)
[12:12:35] INFO  CTRL    +2 vehicle(s) WEST (queue=11)
[12:12:36] INFO  CTRL    +1 vehicle(s) NORTH (queue=17)
[12:12:38] INFO  CTRL    +2 vehicle(s) NORTH (queue=19)
[12:12:38] INFO  CTRL    +1 vehicle(s) EAST (queue=5)
[12:12:39] INFO  CTRL    +2 vehicle(s) NORTH (queue=21)
[12:12:39] INFO  CTRL    +1 vehicle(s) EAST (queue=6)
[12:12:40] INFO  CTRL    +1 vehicle(s) NORTH (queue=22)
[12:12:41] INFO  CTRL    +1 vehicle(s) EAST (queue=7)
[12:12:44] INFO  CTRL    +2 vehicle(s) SOUTH (queue=17)
[12:12:44] INFO  SOUTH   Light GREEN -> YELLOW
[12:12:44] INFO  SOUTH   Light YELLOW -> RED
[12:12:45] WARN  CTRL    EMERGENCY cleared
[12:12:45] INFO  CTRL    Phase -> ALL-RED-1 (duration=2s)
[12:12:46] INFO  CTRL    +2 vehicle(s) NORTH (queue=24)
[12:12:46] INFO  CTRL    +2 vehicle(s) WEST (queue=13)
[12:12:47] INFO  SOUTH   Light RED -> YELLOW
[12:12:47] INFO  NORTH   Light RED -> YELLOW
[12:12:50] INFO  CTRL    Phase -> NS-GREEN (duration=10s)
[12:12:50] INFO  CTRL    Pedestrian WALK: EAST/WEST crosswalks (synchronized with perpendicular vehicle green)
[12:12:50] INFO  CTRL    +2 vehicle(s) WEST (queue=15)
[12:12:50] INFO  SOUTH   Light YELLOW -> GREEN
[12:12:50] INFO  NORTH   Light YELLOW -> GREEN
[12:12:50] INFO  CTRL    +1 vehicle(s) NORTH (queue=24)
[12:12:50] INFO  CTRL    +2 vehicle(s) SOUTH (queue=18)
[12:12:50] INFO  CTRL    +1 vehicle(s) WEST (queue=16)
[12:12:52] INFO  CTRL    Pedestrian request from WEST
[12:12:52] INFO  CTRL    +1 vehicle(s) SOUTH (queue=17)
[12:12:54] WARN  GUI     TICKET: red-light runner from EAST (was queued at RED), plate HK-3857
[12:12:54] WARN  CTRL    TICKET: red-light violation from EAST, plate HK-3857
[12:12:55] WARN  CTRL    TICKET: freezing simulation until chase ends
[12:12:55] INFO  CTRL    +2 vehicle(s) NORTH (queue=21)
[12:12:57] INFO  CTRL    +2 vehicle(s) SOUTH (queue=16)
[12:12:59] INFO  CTRL    +2 vehicle(s) EAST (queue=8)
[12:13:00] INFO  CTRL    Pedestrian request from EAST
[12:13:01] INFO  CTRL    +1 vehicle(s) NORTH (queue=22)
[12:13:05] INFO  CTRL    +2 vehicle(s) EAST (queue=10)
[12:13:05] INFO  CTRL    +1 vehicle(s) WEST (queue=17)
[12:13:06] INFO  CTRL    +2 vehicle(s) EAST (queue=12)
[12:13:07] INFO  CTRL    +1 vehicle(s) NORTH (queue=23)
[12:13:07] INFO  CTRL    +2 vehicle(s) EAST (queue=14)
[12:13:08] INFO  CTRL    +1 vehicle(s) NORTH (queue=24)
[12:13:08] INFO  CTRL    +2 vehicle(s) WEST (queue=19)
[12:13:11] INFO  CTRL    +2 vehicle(s) EAST (queue=16)
[12:13:12] INFO  GUI     TICKET: police caught plate HK-3857
[12:13:12] WARN  CTRL    TICKET: chase complete, resuming normal operation
[12:13:12] INFO  CTRL    +2 vehicle(s) SOUTH (queue=18)
[12:13:13] INFO  CTRL    +1 vehicle(s) WEST (queue=20)
[12:13:14] INFO  CTRL    +2 vehicle(s) NORTH (queue=24)
[12:13:14] INFO  CTRL    +1 vehicle(s) SOUTH (queue=17)
[12:13:15] WARN  CTRL    TIMING VIOLATION: pedestrian waited > 45s — cutting NS-GREEN short
[12:13:15] INFO  CTRL    Pedestrian WALK closed
[12:13:15] INFO  CTRL    Phase -> NS-YELLOW (duration=3s)
[12:13:15] INFO  CTRL    TIMING: yellow phase started — must last exactly 3s
[12:13:15] INFO  NORTH   Light GREEN -> YELLOW
[12:13:15] INFO  SOUTH   Light GREEN -> YELLOW
[12:13:16] INFO  CTRL    +2 vehicle(s) WEST (queue=22)
[12:13:17] INFO  CTRL    +1 vehicle(s) EAST (queue=17)
[12:13:17] INFO  CTRL    +1 vehicle(s) WEST (queue=23)
[12:13:18] INFO  CTRL    Phase -> ALL-RED-1 (duration=2s)
[12:13:18] INFO  SOUTH   Light YELLOW -> RED
[12:13:18] INFO  NORTH   Light YELLOW -> RED
[12:13:20] INFO  EAST    Light RED -> YELLOW
[12:13:20] INFO  WEST    Light RED -> YELLOW
[12:13:23] INFO  CTRL    Phase -> EW-GREEN (duration=10s)
[12:13:23] INFO  CTRL    Pedestrian WALK: NORTH/SOUTH crosswalks (synchronized with perpendicular vehicle green)
[12:13:23] INFO  CTRL    +1 vehicle(s) NORTH (queue=24)
[12:13:23] INFO  CTRL    +2 vehicle(s) SOUTH (queue=18)
[12:13:23] INFO  CTRL    +1 vehicle(s) EAST (queue=18)
[12:13:23] INFO  WEST    Light YELLOW -> GREEN
[12:13:23] INFO  EAST    Light YELLOW -> GREEN
[12:13:23] INFO  CTRL    +1 vehicle(s) SOUTH (queue=19)
[12:13:25] INFO  CTRL    +1 vehicle(s) NORTH (queue=25)
[12:13:25] INFO  CTRL    +1 vehicle(s) SOUTH (queue=20)
[12:13:28] INFO  CTRL    Pedestrian request from NORTH
[12:13:28] INFO  CTRL    +1 vehicle(s) NORTH (queue=26)
[12:13:28] INFO  CTRL    +2 vehicle(s) SOUTH (queue=22)
[12:13:28] INFO  CTRL    +1 vehicle(s) EAST (queue=13)
[12:13:29] INFO  CTRL    +1 vehicle(s) NORTH (queue=27)
[12:13:32] INFO  CTRL    Pedestrian WALK closed
[12:13:33] INFO  CTRL    Pedestrian WALK closed
[12:13:33] INFO  CTRL    Phase -> EW-YELLOW (duration=3s)
[12:13:33] INFO  CTRL    TIMING: yellow phase started — must last exactly 3s
[12:13:33] INFO  WEST    Light GREEN -> YELLOW
[12:13:33] INFO  EAST    Light GREEN -> YELLOW
[12:13:34] INFO  CTRL    +1 vehicle(s) NORTH (queue=28)
[12:13:34] INFO  CTRL    +1 vehicle(s) SOUTH (queue=23)
[12:13:35] INFO  CTRL    +2 vehicle(s) NORTH (queue=30)
[12:13:35] INFO  CTRL    +2 vehicle(s) SOUTH (queue=25)
[12:13:36] INFO  CTRL    Phase -> ALL-RED-2 (duration=2s)
[12:13:36] INFO  EAST    Light YELLOW -> RED
[12:13:36] INFO  WEST    Light YELLOW -> RED
[12:13:38] INFO  CTRL    +1 vehicle(s) SOUTH (queue=26)
[12:13:39] INFO  SOUTH   Light RED -> YELLOW
[12:13:39] INFO  NORTH   Light RED -> YELLOW
[12:13:42] INFO  CTRL    Phase -> NS-GREEN (duration=10s)
[12:13:42] INFO  CTRL    Pedestrian WALK: EAST/WEST crosswalks (synchronized with perpendicular vehicle green)
[12:13:42] INFO  CTRL    +1 vehicle(s) NORTH (queue=31)
[12:13:42] INFO  CTRL    +1 vehicle(s) NORTH (queue=32)
[12:13:42] INFO  CTRL    Pedestrian request from EAST
[12:13:42] INFO  CTRL    Pedestrian request from WEST
[12:13:42] INFO  CTRL    +2 vehicle(s) NORTH (queue=34)
[12:13:42] INFO  NORTH   Light YELLOW -> GREEN
[12:13:42] INFO  SOUTH   Light YELLOW -> GREEN
[12:13:42] INFO  CTRL    +2 vehicle(s) EAST (queue=11)
[12:13:43] INFO  CTRL    +1 vehicle(s) NORTH (queue=33)
[12:13:44] INFO  CTRL    +2 vehicle(s) EAST (queue=13)
[12:13:47] INFO  CTRL    +1 vehicle(s) SOUTH (queue=21)
[12:13:47] INFO  CTRL    +2 vehicle(s) EAST (queue=15)
[12:13:47] INFO  CTRL    +2 vehicle(s) WEST (queue=15)
[12:13:48] INFO  CTRL    +2 vehicle(s) NORTH (queue=30)
[12:13:49] INFO  CTRL    +2 vehicle(s) EAST (queue=17)
[12:13:50] INFO  CTRL    +1 vehicle(s) NORTH (queue=29)
[12:13:51] INFO  CTRL    Pedestrian WALK closed
[12:13:52] INFO  CTRL    Pedestrian WALK closed
[12:13:52] INFO  CTRL    Phase -> NS-YELLOW (duration=3s)
[12:13:52] INFO  CTRL    TIMING: yellow phase started — must last exactly 3s
[12:13:52] INFO  NORTH   Light GREEN -> YELLOW
[12:13:52] INFO  SOUTH   Light GREEN -> YELLOW
[12:13:55] INFO  CTRL    Phase -> ALL-RED-1 (duration=2s)
[12:13:55] INFO  SOUTH   Light YELLOW -> RED
[12:13:55] INFO  NORTH   Light YELLOW -> RED
[12:13:57] INFO  EAST    Light RED -> YELLOW
[12:13:57] INFO  WEST    Light RED -> YELLOW
[12:14:00] INFO  CTRL    Phase -> EW-GREEN (duration=10s)
[12:14:00] INFO  CTRL    Pedestrian WALK: NORTH/SOUTH crosswalks (synchronized with perpendicular vehicle green)
[12:14:00] INFO  CTRL    +2 vehicle(s) NORTH (queue=30)
[12:14:00] INFO  CTRL    +2 vehicle(s) NORTH (queue=32)
[12:14:00] INFO  CTRL    +2 vehicle(s) SOUTH (queue=19)
[12:14:00] INFO  CTRL    +1 vehicle(s) EAST (queue=18)
[12:14:00] INFO  WEST    Light YELLOW -> GREEN
[12:14:00] INFO  EAST    Light YELLOW -> GREEN
[12:14:01] INFO  CTRL    +1 vehicle(s) SOUTH (queue=20)
[12:14:01] INFO  CTRL    +2 vehicle(s) WEST (queue=15)
[12:14:04] INFO  CTRL    Pedestrian request from SOUTH
[12:14:06] INFO  CTRL    +2 vehicle(s) WEST (queue=12)
[12:14:07] INFO  CTRL    +2 vehicle(s) EAST (queue=12)
[12:14:07] INFO  CTRL    +1 vehicle(s) WEST (queue=12)
[12:14:08] INFO  CTRL    +2 vehicle(s) WEST (queue=13)
[12:14:09] INFO  CTRL    Pedestrian WALK closed
[12:14:09] INFO  CTRL    Pedestrian request from NORTH
[12:14:09] INFO  CTRL    +2 vehicle(s) SOUTH (queue=22)
[12:14:11] INFO  CTRL    Pedestrian WALK closed
[12:14:11] INFO  CTRL    Phase -> EW-YELLOW (duration=3s)
[12:14:11] INFO  CTRL    TIMING: yellow phase started — must last exactly 3s
[12:14:11] INFO  WEST    Light GREEN -> YELLOW
[12:14:11] INFO  EAST    Light GREEN -> YELLOW
[12:14:12] INFO  CTRL    +1 vehicle(s) NORTH (queue=33)
[12:14:13] INFO  CTRL    +2 vehicle(s) SOUTH (queue=24)
[12:14:14] INFO  CTRL    Phase -> ALL-RED-2 (duration=2s)
[12:14:14] INFO  WEST    Light YELLOW -> RED
[12:14:14] INFO  EAST    Light YELLOW -> RED
[12:14:16] INFO  NORTH   Light RED -> YELLOW
[12:14:16] INFO  SOUTH   Light RED -> YELLOW
[12:14:19] INFO  CTRL    Phase -> NS-GREEN (duration=10s)
[12:14:19] INFO  CTRL    Pedestrian WALK: EAST/WEST crosswalks (synchronized with perpendicular vehicle green)
[12:14:19] INFO  CTRL    Pedestrian request from WEST
[12:14:19] INFO  CTRL    +2 vehicle(s) WEST (queue=14)
[12:14:19] INFO  SOUTH   Light YELLOW -> GREEN
[12:14:19] INFO  NORTH   Light YELLOW -> GREEN
[12:14:20] INFO  CTRL    +2 vehicle(s) NORTH (queue=34)
[12:14:21] INFO  CTRL    +2 vehicle(s) EAST (queue=12)
[12:14:22] INFO  CTRL    +1 vehicle(s) NORTH (queue=33)
[12:14:23] INFO  CTRL    +2 vehicle(s) SOUTH (queue=22)
[12:14:23] INFO  CTRL    +1 vehicle(s) EAST (queue=13)
[12:14:24] INFO  CTRL    +1 vehicle(s) SOUTH (queue=22)
[12:14:24] INFO  CTRL    +2 vehicle(s) EAST (queue=15)
[12:14:24] INFO  CTRL    +1 vehicle(s) WEST (queue=15)
[12:14:26] INFO  CTRL    +1 vehicle(s) NORTH (queue=29)
[12:14:26] INFO  CTRL    +2 vehicle(s) SOUTH (queue=21)
[12:14:26] INFO  CTRL    +1 vehicle(s) EAST (queue=16)
[12:14:27] INFO  CTRL    +2 vehicle(s) EAST (queue=18)
[12:14:27] INFO  CTRL    +1 vehicle(s) WEST (queue=16)
[12:14:28] INFO  CTRL    Pedestrian WALK closed
[12:14:28] INFO  CTRL    +1 vehicle(s) SOUTH (queue=20)
[12:14:29] INFO  CTRL    Pedestrian WALK closed
[12:14:29] INFO  CTRL    Phase -> NS-YELLOW (duration=3s)
[12:14:29] INFO  CTRL    TIMING: yellow phase started — must last exactly 3s
[12:14:29] INFO  SOUTH   Light GREEN -> YELLOW
[12:14:29] INFO  NORTH   Light GREEN -> YELLOW
[12:14:30] INFO  GUI     Injected vehicle event for NORTH
[12:14:30] INFO  CTRL    +1 vehicle(s) WEST (queue=17)
[12:14:30] INFO  CTRL    +1 vehicle(s) NORTH (queue=28)
[12:14:32] INFO  GUI     Injected vehicle event for NORTH
[12:14:32] INFO  CTRL    Phase -> ALL-RED-1 (duration=2s)
[12:14:32] INFO  CTRL    Pedestrian request from EAST
[12:14:32] INFO  CTRL    +2 vehicle(s) NORTH (queue=30)
[12:14:32] INFO  CTRL    +2 vehicle(s) EAST (queue=20)
[12:14:32] INFO  CTRL    +1 vehicle(s) NORTH (queue=31)
[12:14:32] INFO  SOUTH   Light YELLOW -> RED
[12:14:32] INFO  NORTH   Light YELLOW -> RED
[12:14:33] INFO  GUI     Injected vehicle event for NORTH
[12:14:33] INFO  CTRL    +2 vehicle(s) EAST (queue=22)
[12:14:33] INFO  CTRL    +1 vehicle(s) NORTH (queue=32)
[12:14:34] INFO  GUI     Injected vehicle event for NORTH
[12:14:34] INFO  WEST    Light RED -> YELLOW
[12:14:34] INFO  EAST    Light RED -> YELLOW
[12:14:37] INFO  GUI     Injected vehicle event for NORTH
[12:14:37] INFO  CTRL    Phase -> EW-GREEN (duration=10s)
[12:14:37] INFO  CTRL    Pedestrian WALK: NORTH/SOUTH crosswalks (synchronized with perpendicular vehicle green)
[12:14:37] INFO  CTRL    +1 vehicle(s) NORTH (queue=33)
[12:14:37] INFO  CTRL    Pedestrian request from SOUTH
[12:14:37] INFO  CTRL    +2 vehicle(s) WEST (queue=19)
[12:14:37] INFO  CTRL    Pedestrian request from NORTH
[12:14:37] INFO  CTRL    +1 vehicle(s) NORTH (queue=34)
[12:14:37] INFO  WEST    Light YELLOW -> GREEN
[12:14:37] INFO  EAST    Light YELLOW -> GREEN
[12:14:38] INFO  CTRL    +2 vehicle(s) EAST (queue=23)
[12:14:38] INFO  CTRL    +2 vehicle(s) WEST (queue=20)
[12:14:39] INFO  CTRL    +1 vehicle(s) WEST (queue=20)
[12:14:39] INFO  GUI     Injected vehicle event for SOUTH
[12:14:39] INFO  CTRL    +1 vehicle(s) SOUTH (queue=21)
[12:14:39] INFO  GUI     Injected vehicle event for SOUTH
[12:14:40] INFO  CTRL    +1 vehicle(s) EAST (queue=22)
[12:14:40] INFO  CTRL    +1 vehicle(s) SOUTH (queue=22)
[12:14:40] INFO  GUI     Injected vehicle event for SOUTH
[12:14:40] INFO  CTRL    +1 vehicle(s) SOUTH (queue=23)
[12:14:42] INFO  CTRL    +2 vehicle(s) WEST (queue=19)
[12:14:43] INFO  CTRL    +1 vehicle(s) WEST (queue=19)
[12:14:45] INFO  CTRL    +1 vehicle(s) EAST (queue=19)
[12:14:46] INFO  CTRL    +2 vehicle(s) SOUTH (queue=25)
[12:14:47] INFO  CTRL    Pedestrian WALK closed
[12:14:47] INFO  CTRL    Phase -> EW-YELLOW (duration=3s)
[12:14:47] INFO  CTRL    TIMING: yellow phase started — must last exactly 3s
[12:14:47] INFO  WEST    Light GREEN -> YELLOW
[12:14:48] INFO  EAST    Light GREEN -> YELLOW
[12:14:48] INFO  CTRL    +1 vehicle(s) EAST (queue=18)
[12:14:50] INFO  CTRL    Phase -> ALL-RED-2 (duration=2s)
[12:14:50] INFO  CTRL    +1 vehicle(s) NORTH (queue=35)
[12:14:50] INFO  CTRL    +2 vehicle(s) EAST (queue=20)
[12:14:50] INFO  WEST    Light YELLOW -> RED
[12:14:51] INFO  EAST    Light YELLOW -> RED
[12:14:51] INFO  CTRL    +2 vehicle(s) NORTH (queue=37)
[12:14:51] INFO  CTRL    +1 vehicle(s) EAST (queue=21)
[12:14:52] INFO  SOUTH   Light RED -> YELLOW
[12:14:52] INFO  NORTH   Light RED -> YELLOW
[12:14:55] INFO  CTRL    Phase -> NS-GREEN (duration=10s)
[12:14:55] INFO  CTRL    Pedestrian WALK: EAST/WEST crosswalks (synchronized with perpendicular vehicle green)
[12:14:55] INFO  CTRL    +1 vehicle(s) SOUTH (queue=26)
[12:14:55] INFO  CTRL    +2 vehicle(s) EAST (queue=23)
[12:14:55] INFO  CTRL    Pedestrian request from WEST
[12:14:55] INFO  CTRL    +2 vehicle(s) EAST (queue=25)
[12:14:55] INFO  CTRL    Pedestrian request from EAST
[12:14:55] INFO  CTRL    +2 vehicle(s) EAST (queue=27)
[12:14:55] INFO  CTRL    +1 vehicle(s) WEST (queue=17)
[12:14:56] INFO  SOUTH   Light YELLOW -> GREEN
[12:14:56] INFO  NORTH   Light YELLOW -> GREEN
[12:14:56] INFO  CTRL    +2 vehicle(s) SOUTH (queue=27)
[12:14:57] INFO  CTRL    +2 vehicle(s) NORTH (queue=37)
[12:14:58] INFO  CTRL    +2 vehicle(s) NORTH (queue=38)
[12:14:59] INFO  CTRL    +2 vehicle(s) SOUTH (queue=26)
[12:14:59] INFO  CTRL    +2 vehicle(s) EAST (queue=29)
[12:14:59] INFO  CTRL    +1 vehicle(s) WEST (queue=18)
[12:15:03] INFO  CTRL    +2 vehicle(s) NORTH (queue=35)
[12:15:03] INFO  CTRL    +2 vehicle(s) SOUTH (queue=24)
[12:15:03] INFO  CTRL    +2 vehicle(s) WEST (queue=20)
[12:15:04] INFO  CTRL    +2 vehicle(s) NORTH (queue=36)
[12:15:04] INFO  CTRL    +1 vehicle(s) SOUTH (queue=24)
[12:15:05] INFO  CTRL    Pedestrian WALK closed
[12:15:05] INFO  CTRL    Phase -> NS-YELLOW (duration=3s)
[12:15:05] INFO  CTRL    TIMING: yellow phase started — must last exactly 3s
[12:15:05] INFO  SOUTH   Light GREEN -> YELLOW
[12:15:05] INFO  NORTH   Light GREEN -> YELLOW
[12:15:07] INFO  CTRL    +2 vehicle(s) SOUTH (queue=26)
[12:15:08] INFO  CTRL    Phase -> ALL-RED-1 (duration=2s)
[12:15:08] INFO  CTRL    +2 vehicle(s) WEST (queue=22)
[12:15:08] INFO  SOUTH   Light YELLOW -> RED
[12:15:08] INFO  NORTH   Light YELLOW -> RED
[12:15:09] INFO  CTRL    +2 vehicle(s) SOUTH (queue=28)
[12:15:10] INFO  EAST    Light RED -> YELLOW
[12:15:10] INFO  WEST    Light RED -> YELLOW
[12:15:13] INFO  CTRL    Phase -> EW-GREEN (duration=10s)
[12:15:13] INFO  CTRL    Pedestrian WALK: NORTH/SOUTH crosswalks (synchronized with perpendicular vehicle green)
[12:15:13] INFO  CTRL    +1 vehicle(s) SOUTH (queue=29)
[12:15:13] INFO  CTRL    Pedestrian request from NORTH
[12:15:13] INFO  CTRL    +1 vehicle(s) NORTH (queue=37)
[12:15:13] INFO  EAST    Light YELLOW -> GREEN
[12:15:13] INFO  WEST    Light YELLOW -> GREEN
[12:15:13] INFO  CTRL    +1 vehicle(s) EAST (queue=29)
[12:15:13] INFO  CTRL    +1 vehicle(s) WEST (queue=22)
[12:15:14] INFO  CTRL    Pedestrian request from SOUTH
[12:15:14] INFO  CTRL    +1 vehicle(s) WEST (queue=22)
[12:15:16] INFO  CTRL    +1 vehicle(s) WEST (queue=21)
[12:15:17] INFO  CTRL    +1 vehicle(s) NORTH (queue=38)
[12:15:17] INFO  CTRL    +2 vehicle(s) EAST (queue=27)
[12:15:19] INFO  CTRL    +1 vehicle(s) WEST (queue=20)
[12:15:22] INFO  CTRL    +1 vehicle(s) WEST (queue=18)
[12:15:23] INFO  CTRL    Pedestrian WALK closed
[12:15:23] INFO  CTRL    Phase -> EW-YELLOW (duration=3s)
[12:15:23] INFO  CTRL    TIMING: yellow phase started — must last exactly 3s
[12:15:23] INFO  EAST    Light GREEN -> YELLOW
[12:15:23] INFO  WEST    Light GREEN -> YELLOW
[12:15:25] INFO  CTRL    +1 vehicle(s) NORTH (queue=39)
[12:15:25] INFO  CTRL    +1 vehicle(s) EAST (queue=24)
[12:15:25] INFO  CTRL    +2 vehicle(s) WEST (queue=20)
[12:15:26] INFO  CTRL    Phase -> ALL-RED-2 (duration=2s)
[12:15:26] INFO  CTRL    +2 vehicle(s) EAST (queue=26)
[12:15:26] INFO  EAST    Light YELLOW -> RED
[12:15:26] INFO  WEST    Light YELLOW -> RED
[12:15:27] INFO  CTRL    +1 vehicle(s) SOUTH (queue=30)
[12:15:27] INFO  CTRL    +2 vehicle(s) EAST (queue=28)
[12:15:28] INFO  SOUTH   Light RED -> YELLOW
[12:15:28] INFO  NORTH   Light RED -> YELLOW
[12:15:31] INFO  CTRL    Phase -> NS-GREEN (duration=10s)
[12:15:31] INFO  CTRL    Pedestrian WALK: EAST/WEST crosswalks (synchronized with perpendicular vehicle green)
[12:15:31] INFO  CTRL    Pedestrian request from WEST
[12:15:31] INFO  CTRL    Pedestrian request from EAST
[12:15:31] INFO  CTRL    +1 vehicle(s) NORTH (queue=40)
[12:15:31] INFO  SOUTH   Light YELLOW -> GREEN
[12:15:31] INFO  NORTH   Light YELLOW -> GREEN
[12:15:32] INFO  CTRL    +1 vehicle(s) EAST (queue=29)
[12:15:32] INFO  CTRL    +1 vehicle(s) WEST (queue=21)
[12:15:34] INFO  CTRL    +2 vehicle(s) SOUTH (queue=28)
[12:15:35] INFO  CTRL    +1 vehicle(s) EAST (queue=30)
[12:15:37] INFO  CTRL    +1 vehicle(s) WEST (queue=22)
[12:15:38] INFO  CTRL    +2 vehicle(s) NORTH (queue=34)
[12:15:38] INFO  CTRL    +1 vehicle(s) EAST (queue=31)
[12:15:39] INFO  CTRL    +1 vehicle(s) EAST (queue=32)
[12:15:40] INFO  CTRL    +1 vehicle(s) SOUTH (queue=24)
[12:15:40] INFO  CTRL    Pedestrian WALK closed
[12:15:41] INFO  CTRL    Pedestrian WALK closed
[12:15:41] INFO  CTRL    Phase -> NS-YELLOW (duration=3s)
[12:15:41] INFO  CTRL    TIMING: yellow phase started — must last exactly 3s
[12:15:41] INFO  CTRL    +2 vehicle(s) SOUTH (queue=25)
[12:15:41] INFO  CTRL    +1 vehicle(s) WEST (queue=23)
[12:15:41] INFO  NORTH   Light GREEN -> YELLOW
[12:15:41] INFO  SOUTH   Light GREEN -> YELLOW
[12:15:43] INFO  CTRL    +2 vehicle(s) SOUTH (queue=27)
[12:15:44] INFO  CTRL    Phase -> ALL-RED-1 (duration=2s)
[12:15:44] INFO  NORTH   Light YELLOW -> RED
[12:15:44] INFO  SOUTH   Light YELLOW -> RED
[12:15:46] INFO  EAST    Light RED -> YELLOW
[12:15:46] INFO  WEST    Light RED -> YELLOW
[12:15:49] INFO  CTRL    Phase -> EW-GREEN (duration=10s)
[12:15:49] INFO  CTRL    Pedestrian WALK: NORTH/SOUTH crosswalks (synchronized with perpendicular vehicle green)
[12:15:49] INFO  CTRL    +1 vehicle(s) NORTH (queue=33)
[12:15:49] INFO  CTRL    Pedestrian request from NORTH
[12:15:49] INFO  EAST    Light YELLOW -> GREEN
[12:15:49] INFO  WEST    Light YELLOW -> GREEN
[12:15:49] INFO  CTRL    +2 vehicle(s) WEST (queue=24)
[12:15:52] INFO  CTRL    Pedestrian request from SOUTH
[12:15:52] INFO  CTRL    +2 vehicle(s) SOUTH (queue=29)
[12:15:52] INFO  CTRL    +1 vehicle(s) WEST (queue=24)
[12:15:56] INFO  CTRL    +2 vehicle(s) SOUTH (queue=31)
[12:15:57] INFO  CTRL    +1 vehicle(s) SOUTH (queue=32)
[12:15:57] INFO  CTRL    +2 vehicle(s) EAST (queue=27)
[12:15:59] INFO  CTRL    Pedestrian WALK closed
[12:15:59] INFO  CTRL    Phase -> EW-YELLOW (duration=3s)
[12:15:59] INFO  CTRL    TIMING: yellow phase started — must last exactly 3s
[12:15:59] INFO  CTRL    +2 vehicle(s) SOUTH (queue=34)
[12:15:59] INFO  CTRL    +1 vehicle(s) WEST (queue=18)
[12:15:59] INFO  WEST    Light GREEN -> YELLOW
[12:15:59] INFO  EAST    Light GREEN -> YELLOW
[12:16:00] INFO  CTRL    +1 vehicle(s) EAST (queue=26)
[12:16:01] INFO  CTRL    +1 vehicle(s) WEST (queue=19)
[12:16:02] INFO  CTRL    Phase -> ALL-RED-2 (duration=2s)
[12:16:02] INFO  CTRL    +1 vehicle(s) NORTH (queue=34)
[12:16:02] INFO  CTRL    +1 vehicle(s) EAST (queue=27)
[12:16:02] INFO  WEST    Light YELLOW -> RED
[12:16:02] INFO  EAST    Light YELLOW -> RED
[12:16:04] INFO  NORTH   Light RED -> YELLOW
[12:16:04] INFO  SOUTH   Light RED -> YELLOW
[12:16:07] INFO  CTRL    Phase -> NS-GREEN (duration=10s)
[12:16:07] INFO  CTRL    Pedestrian WALK: EAST/WEST crosswalks (synchronized with perpendicular vehicle green)
[12:16:07] INFO  CTRL    +2 vehicle(s) SOUTH (queue=36)
[12:16:07] INFO  SOUTH   Light YELLOW -> GREEN
[12:16:07] INFO  NORTH   Light YELLOW -> GREEN
[12:16:08] INFO  CTRL    Pedestrian request from EAST
[12:16:09] INFO  CTRL    +1 vehicle(s) NORTH (queue=33)
[12:16:09] INFO  CTRL    +1 vehicle(s) SOUTH (queue=35)
[12:16:10] INFO  CTRL    Pedestrian request from WEST
[12:16:11] INFO  CTRL    +1 vehicle(s) NORTH (queue=32)
[12:16:12] INFO  CTRL    +1 vehicle(s) NORTH (queue=32)
[12:16:14] INFO  CTRL    +2 vehicle(s) WEST (queue=21)
[12:16:15] INFO  CTRL    +2 vehicle(s) NORTH (queue=31)
[12:16:15] INFO  CTRL    +2 vehicle(s) EAST (queue=29)
[12:16:16] INFO  CTRL    Pedestrian WALK closed
[12:16:17] INFO  CTRL    Pedestrian WALK closed
[12:16:17] INFO  CTRL    Phase -> NS-YELLOW (duration=3s)
[12:16:17] INFO  CTRL    TIMING: yellow phase started — must last exactly 3s
[12:16:17] INFO  NORTH   Light GREEN -> YELLOW
[12:16:17] INFO  SOUTH   Light GREEN -> YELLOW
[12:16:18] INFO  CTRL    +2 vehicle(s) WEST (queue=23)
[12:16:19] INFO  CTRL    +1 vehicle(s) NORTH (queue=30)
[12:16:20] INFO  CTRL    Phase -> ALL-RED-1 (duration=2s)
[12:16:20] INFO  CTRL    +2 vehicle(s) SOUTH (queue=29)
[12:16:20] INFO  CTRL    +1 vehicle(s) EAST (queue=30)
[12:16:20] INFO  SOUTH   Light YELLOW -> RED
[12:16:20] INFO  NORTH   Light YELLOW -> RED
[12:16:21] INFO  CTRL    +2 vehicle(s) NORTH (queue=32)
[12:16:22] INFO  WEST    Light RED -> YELLOW
[12:16:22] INFO  EAST    Light RED -> YELLOW
[12:16:26] INFO  CTRL    Phase -> EW-GREEN (duration=10s)
[12:16:26] INFO  CTRL    Pedestrian WALK: NORTH/SOUTH crosswalks (synchronized with perpendicular vehicle green)
[12:16:26] INFO  CTRL    +2 vehicle(s) WEST (queue=25)
[12:16:26] INFO  CTRL    +2 vehicle(s) EAST (queue=32)
[12:16:26] INFO  WEST    Light YELLOW -> GREEN
[12:16:26] INFO  EAST    Light YELLOW -> GREEN
[12:16:27] INFO  CTRL    Pedestrian request from NORTH
[12:16:28] INFO  CTRL    +2 vehicle(s) WEST (queue=25)
===== System stopped =====

